Workbook
Name CT: '[1]Bảng tra'!$A$18:$C$33
Name CT: 'Bảng tra'!$A$18:$C$33
Name THEP: '[2]Bảng tra'!$A$2:$C$17

Sheet Tra
B3: Soá lieäu tính toaùn
C4: Beâtoâng Maùc | G4: M250 | L4: L2/L1 | M4: m1 | N4: m2 | O4: k1 | P4: k2 | Q4: Δm1 | R4: Δm2 | S4: Δk1 | T4: Δk2 | U4: L2/L1 | V4: m1 | W4: m2 | X4: k1 | Y4: k2
D5: Rn= | G5: =IF(G4="M200",90,IF(G4="M250",110,IF(G4="M300",130,"Maùc beâ toâng"))) -> 110 | J5: Kg/cm² | L5: 1 | M5: 0.0099 | N5: 0.0457 | O5: 0.051 | P5: 0.0853 | Q5: =+(M6-M5)/(L6-L5) -> 0.003 | R5: =+(N6-N5)/(L6-L5) -> 0.035 | S5: =+(O6-O5)/(L6-L5) -> 0.064 | T5: =+(P6-P5)/(L6-L5) -> 0.077 | U5: 1 | V5: =+IF($U5<=1.5,IF($U5<=1.4,IF($U5<=1.3,IF($U5<=1.2,IF($U5<=1.1,M$5+($U5-$L$5)*Q$5,M$6+($U5-$L$6)*Q$6),M$7+($U5-$L$7)*Q$7),M$8+($U5-$L$8)*Q$8),M$9+($U5-$L$9)*Q$9),M$10) -> 0.0099 | W5: =+IF($U5<=1.5,IF($U5<=1.4,IF($U5<=1.3,IF($U5<=1.2,IF($U5<=1.1,N$5+($U5-$L$5)*R$5,N$6+($U5-$L$6)*R$6),N$7+($U5-$L$7)*R$7),N$8+($U5-$L$8)*R$8),N$9+($U5-$L$9)*R$9),N$10) -> 0.0457 | X5: =+IF($U5<=1.5,IF($U5<=1.4,IF($U5<=1.3,IF($U5<=1.2,IF($U5<=1.1,O$5+($U5-$L$5)*S$5,O$6+($U5-$L$6)*S$6),O$7+($U5-$L$7)*S$7),O$8+($U5-$L$8)*S$8),O$9+($U5-$L$9)*S$9),O$10) -> 0.051 | Y5: =+IF($U5<=1.5,IF($U5<=1.4,IF($U5<=1.3,IF($U5<=1.2,IF($U5<=1.1,P$5+($U5-$L$5)*T$5,P$6+($U5-$L$6)*T$6),P$7+($U5-$L$7)*T$7),P$8+($U5-$L$8)*T$8),P$9+($U5-$L$9)*T$9),P$10) -> 0.0853
D6: Rk= | G6: =IF(G4="M200",7.5,IF(G4="M250",8.8,IF(G4="M300",10,"Maùc be toâng"))) -> 8.8 | L6: 1.1 | M6: 0.0102 | N6: 0.0492 | O6: 0.0574 | P6: 0.093 | Q6: =+(M7-M6)/(L7-L6) -> 0 | R6: =+(N7-N6)/(L7-L6) -> 0.027 | S6: =+(O7-O6)/(L7-L6) -> 0.062 | T6: =+(P7-P6)/(L7-L6) -> 0.07 | U6: 1.1 | V6: =+IF($U6<=1.5,IF($U6<=1.4,IF($U6<=1.3,IF($U6<=1.2,IF($U6<=1.1,M$5+($U6-$L$5)*Q$5,M$6+($U6-$L$6)*Q$6),M$7+($U6-$L$7)*Q$7),M$8+($U6-$L$8)*Q$8),M$9+($U6-$L$9)*Q$9),M$10) -> 0.0102 | W6: =+IF($U6<=1.5,IF($U6<=1.4,IF($U6<=1.3,IF($U6<=1.2,IF($U6<=1.1,N$5+($U6-$L$5)*R$5,N$6+($U6-$L$6)*R$6),N$7+($U6-$L$7)*R$7),N$8+($U6-$L$8)*R$8),N$9+($U6-$L$9)*R$9),N$10) -> 0.0492 | X6: =+IF($U6<=1.5,IF($U6<=1.4,IF($U6<=1.3,IF($U6<=1.2,IF($U6<=1.1,O$5+($U6-$L$5)*S$5,O$6+($U6-$L$6)*S$6),O$7+($U6-$L$7)*S$7),O$8+($U6-$L$8)*S$8),O$9+($U6-$L$9)*S$9),O$10) -> 0.0574 | Y6: =+IF($U6<=1.5,IF($U6<=1.4,IF($U6<=1.3,IF($U6<=1.2,IF($U6<=1.1,P$5+($U6-$L$5)*T$5,P$6+($U6-$L$6)*T$6),P$7+($U6-$L$7)*T$7),P$8+($U6-$L$8)*T$8),P$9+($U6-$L$9)*T$9),P$10) -> 0.093
C7: Nhoùm coát theùp baûn | G7: AII | L7: 1.2 | M7: 0.0102 | N7: 0.0519 | O7: 0.0636 | P7: 0.1 | Q7: =+(M8-M7)/(L8-L7) -> 0.908 | R7: =+(N8-N7)/(L8-L7) -> 0.021 | S7: =+(O8-O7)/(L8-L7) -> 0.064 | T7: =+(P8-P7)/(L8-L7) -> 0.062 | U7: 1.2 | V7: =+IF($U7<=1.5,IF($U7<=1.4,IF($U7<=1.3,IF($U7<=1.2,IF($U7<=1.1,M$5+($U7-$L$5)*Q$5,M$6+($U7-$L$6)*Q$6),M$7+($U7-$L$7)*Q$7),M$8+($U7-$L$8)*Q$8),M$9+($U7-$L$9)*Q$9),M$10) -> 0.0102 | W7: =+IF($U7<=1.5,IF($U7<=1.4,IF($U7<=1.3,IF($U7<=1.2,IF($U7<=1.1,N$5+($U7-$L$5)*R$5,N$6+($U7-$L$6)*R$6),N$7+($U7-$L$7)*R$7),N$8+($U7-$L$8)*R$8),N$9+($U7-$L$9)*R$9),N$10) -> 0.0519 | X7: =+IF($U7<=1.5,IF($U7<=1.4,IF($U7<=1.3,IF($U7<=1.2,IF($U7<=1.1,O$5+($U7-$L$5)*S$5,O$6+($U7-$L$6)*S$6),O$7+($U7-$L$7)*S$7),O$8+($U7-$L$8)*S$8),O$9+($U7-$L$9)*S$9),O$10) -> 0.0636 | Y7: =+IF($U7<=1.5,IF($U7<=1.4,IF($U7<=1.3,IF($U7<=1.2,IF($U7<=1.1,P$5+($U7-$L$5)*T$5,P$6+($U7-$L$6)*T$6),P$7+($U7-$L$7)*T$7),P$8+($U7-$L$8)*T$8),P$9+($U7-$L$9)*T$9),P$10) -> 0.1
D8: Ra= | G8: =IF(G7="AI",2200,IF(G7="AII",2800,IF(G7="AIII",3600,"Nhoùm coát theùp"))) -> 2800 | J8: Kg/cm² | L8: 1.3 | M8: 0.101 | N8: 0.054 | O8: 0.07 | P8: 0.1062 | Q8: =+(M9-M8)/(L9-L8) -> -0.913 | R8: =+(N9-N8)/(L9-L8) -> 0.012 | S8: =+(O9-O8)/(L9-L8) -> 0.061 | T8: =+(P9-P8)/(L9-L8) -> 0.053 | U8: 1.3 | V8: =+IF($U8<=1.5,IF($U8<=1.4,IF($U8<=1.3,IF($U8<=1.2,IF($U8<=1.1,M$5+($U8-$L$5)*Q$5,M$6+($U8-$L$6)*Q$6),M$7+($U8-$L$7)*Q$7),M$8+($U8-$L$8)*Q$8),M$9+($U8-$L$9)*Q$9),M$10) -> 0.101 | W8: =+IF($U8<=1.5,IF($U8<=1.4,IF($U8<=1.3,IF($U8<=1.2,IF($U8<=1.1,N$5+($U8-$L$5)*R$5,N$6+($U8-$L$6)*R$6),N$7+($U8-$L$7)*R$7),N$8+($U8-$L$8)*R$8),N$9+($U8-$L$9)*R$9),N$10) -> 0.054 | X8: =+IF($U8<=1.5,IF($U8<=1.4,IF($U8<=1.3,IF($U8<=1.2,IF($U8<=1.1,O$5+($U8-$L$5)*S$5,O$6+($U8-$L$6)*S$6),O$7+($U8-$L$7)*S$7),O$8+($U8-$L$8)*S$8),O$9+($U8-$L$9)*S$9),O$10) -> 0.07 | Y8: =+IF($U8<=1.5,IF($U8<=1.4,IF($U8<=1.3,IF($U8<=1.2,IF($U8<=1.1,P$5+($U8-$L$5)*T$5,P$6+($U8-$L$6)*T$6),P$7+($U8-$L$7)*T$7),P$8+($U8-$L$8)*T$8),P$9+($U8-$L$9)*T$9),P$10) -> 0.1062
D9: BTBV | G9: 5 | J9: cm | L9: 1.4 | M9: 0.0097 | N9: 0.0552 | O9: 0.0761 | P9: 0.1115 | Q9: =+(M10-M9)/(L10-L9) -> -0.002 | R9: =+(N10-N9)/(L10-L9) -> 0.004 | S9: =+(O10-O9)/(L10-L9) -> 0.06 | T9: =+(P10-P9)/(L10-L9) -> 0.04 | U9: =+#REF! -> #REF! | V9: =+IF($U9<=1.5,IF($U9<=1.4,IF($U9<=1.3,IF($U9<=1.2,IF($U9<=1.1,M$5+($U9-$L$5)*Q$5,M$6+($U9-$L$6)*Q$6),M$7+($U9-$L$7)*Q$7),M$8+($U9-$L$8)*Q$8),M$9+($U9-$L$9)*Q$9),M$10) -> #REF! | W9: =+IF($U9<=1.5,IF($U9<=1.4,IF($U9<=1.3,IF($U9<=1.2,IF($U9<=1.1,N$5+($U9-$L$5)*R$5,N$6+($U9-$L$6)*R$6),N$7+($U9-$L$7)*R$7),N$8+($U9-$L$8)*R$8),N$9+($U9-$L$9)*R$9),N$10) -> #REF! | X9: =+IF($U9<=1.5,IF($U9<=1.4,IF($U9<=1.3,IF($U9<=1.2,IF($U9<=1.1,O$5+($U9-$L$5)*S$5,O$6+($U9-$L$6)*S$6),O$7+($U9-$L$7)*S$7),O$8+($U9-$L$8)*S$8),O$9+($U9-$L$9)*S$9),O$10) -> #REF! | Y9: =+IF($U9<=1.5,IF($U9<=1.4,IF($U9<=1.3,IF($U9<=1.2,IF($U9<=1.1,P$5+($U9-$L$5)*T$5,P$6+($U9-$L$6)*T$6),P$7+($U9-$L$7)*T$7),P$8+($U9-$L$8)*T$8),P$9+($U9-$L$9)*T$9),P$10) -> #REF!
D10: Þ | G10: 12 | L10: 1.5 | M10: 0.0095 | N10: 0.0556 | O10: 0.0821 | P10: 0.1155 | U10: 1.091 | V10: =+IF($U10<=1.5,IF($U10<=1.4,IF($U10<=1.3,IF($U10<=1.2,IF($U10<=1.1,M$5+($U10-$L$5)*Q$5,M$6+($U10-$L$6)*Q$6),M$7+($U10-$L$7)*Q$7),M$8+($U10-$L$8)*Q$8),M$9+($U10-$L$9)*Q$9),M$10) -> 0.010173 | W10: =+IF($U10<=1.5,IF($U10<=1.4,IF($U10<=1.3,IF($U10<=1.2,IF($U10<=1.1,N$5+($U10-$L$5)*R$5,N$6+($U10-$L$6)*R$6),N$7+($U10-$L$7)*R$7),N$8+($U10-$L$8)*R$8),N$9+($U10-$L$9)*R$9),N$10) -> 0.048885 | X10: =+IF($U10<=1.5,IF($U10<=1.4,IF($U10<=1.3,IF($U10<=1.2,IF($U10<=1.1,O$5+($U10-$L$5)*S$5,O$6+($U10-$L$6)*S$6),O$7+($U10-$L$7)*S$7),O$8+($U10-$L$8)*S$8),O$9+($U10-$L$9)*S$9),O$10) -> 0.056824 | Y10: =+IF($U10<=1.5,IF($U10<=1.4,IF($U10<=1.3,IF($U10<=1.2,IF($U10<=1.1,P$5+($U10-$L$5)*T$5,P$6+($U10-$L$6)*T$6),P$7+($U10-$L$7)*T$7),P$8+($U10-$L$8)*T$8),P$9+($U10-$L$9)*T$9),P$10) -> 0.092307
C11: Nhoùm coát theùp daàm | G11: AIII
D12: Ra= | G12: =IF(G11="AI",2200,IF(G11="AII",2800,IF(G11="AIII",3600,"Nhoùm coát theùp"))) -> 3600 | J12: Kg/cm²
D13: BTBV | G13: 5 | J13: cm
C15: Giaù trò heä soá k
D16: n=l/b : | G16: Tæ soá 2 caïnh
C17: (1) | D17: (2) | E17: (3) | F17: (4) | G17: (5) | H17: (6) | I17: (7) | J17: (8)
C18: 2z/b | D18: 1 | E18: 1.1 | F18: =+G18/2+E18/2 -> 1.15 | G18: 1.2 | H18: =+G18/2+I18/2 -> 1.25 | I18: =+G18/2+J18/2 -> 1.3 | J18: 1.4
C19: 0 | D19: 1 | E19: =+(D19+G19)/2 -> 1 | F19: =+E19/2+G19/2 -> 1 | G19: 1 | H19: =+G19/2+I19/2 -> 1 | I19: =+G19/2+J19/2 -> 1 | J19: 1
C20: =+C19/2+C21/2 -> 0.05 | D20: =+D19/2+D21/2 -> 0.995 | E20: =+(D20+G20)/2 -> 0.9955 | F20: =+E20/2+G20/2 -> 0.99575 | G20: =+G19/2+G21/2 -> 0.996 | H20: =+G20/2+I20/2 -> 0.996125 | I20: =+G20/2+J20/2 -> 0.99625 | J20: =+J19/2+J21/2 -> 0.9965
C21: 0.1 | D21: =+(D19+D23)/2 -> 0.99 | E21: =+(D21+G21)/2 -> 0.991 | F21: =+E21/2+G21/2 -> 0.9915 | G21: =+(G19+G23)/2 -> 0.992 | H21: =+G21/2+I21/2 -> 0.99225 | I21: =+G21/2+J21/2 -> 0.9925 | J21: =+(J19+J23)/2 -> 0.993
C22: 0.15 | D22: =+D21/2+D23/2 -> 0.985 | E22: =+(D22+G22)/2 -> 0.9865 | F22: =+E22/2+G22/2 -> 0.98725 | G22: =+G21/2+G23/2 -> 0.988 | H22: =+G22/2+I22/2 -> 0.988375 | I22: =+G22/2+J22/2 -> 0.98875 | J22: =+J21/2+J23/2 -> 0.9895
C23: 0.2 | D23: =+D27/2+D19/2 -> 0.98 | E23: =+(D23+G23)/2 -> 0.982 | F23: =+E23/2+G23/2 -> 0.983 | G23: =+G27/2+G19/2 -> 0.984 | H23: =+G23/2+I23/2 -> 0.9845 | I23: =+G23/2+J23/2 -> 0.985 | J23: =+J27/2+J19/2 -> 0.986
C24: =+C23/2+C25/2 -> 0.25 | D24: =+D23/2+D25/2 -> 0.975 | E24: =+(D24+G24)/2 -> 0.9775 | F24: =+E24/2+G24/2 -> 0.97875 | G24: =+G23/2+G25/2 -> 0.98 | H24: =+G24/2+I24/2 -> 0.980625 | I24: =+G24/2+J24/2 -> 0.98125 | J24: =+J23/2+J25/2 -> 0.9825
C25: 0.3 | D25: =+(D23+D27)/2 -> 0.97 | E25: =+(D25+G25)/2 -> 0.973 | F25: =+E25/2+G25/2 -> 0.9745 | G25: =+(G23+G27)/2 -> 0.976 | H25: =+G25/2+I25/2 -> 0.97675 | I25: =+G25/2+J25/2 -> 0.9775 | J25: =+(J23+J27)/2 -> 0.979
C26: =+C25/2+C27/2 -> 0.35 | D26: =+D25/2+D27/2 -> 0.965 | E26: =+(D26+G26)/2 -> 0.9685 | F26: =+E26/2+G26/2 -> 0.97025 | G26: =+G25/2+G27/2 -> 0.972 | H26: =+G26/2+I26/2 -> 0.972875 | I26: =+G26/2+J26/2 -> 0.97375 | J26: =+J25/2+J27/2 -> 0.9755
C27: 0.4 | D27: 0.96 | E27: =+(D27+G27)/2 -> 0.964 | F27: =+E27/2+G27/2 -> 0.966 | G27: 0.968 | H27: =+G27/2+I27/2 -> 0.969 | I27: =+G27/2+J27/2 -> 0.97 | J27: 0.972
C28: =+C27/2+C29/2 -> 0.45 | D28: =+D27/2+D29/2 -> 0.94 | E28: =+(D28+G28)/2 -> 0.945375 | F28: =+E28/2+G28/2 -> 0.9480625 | G28: =+G27/2+G29/2 -> 0.95075 | H28: =+G28/2+I28/2 -> 0.9521875 | I28: =+G28/2+J28/2 -> 0.953625 | J28: =+J27/2+J29/2 -> 0.9565
C29: 0.5 | D29: =+D27/2+D31/2 -> 0.92 | E29: =+(D29+G29)/2 -> 0.92675 | F29: =+E29/2+G29/2 -> 0.930125 | G29: =+G27/2+G31/2 -> 0.9335 | H29: =+G29/2+I29/2 -> 0.935375 | I29: =+G29/2+J29/2 -> 0.93725 | J29: =+J27/2+J31/2 -> 0.941
C30: =+C29/2+C31/2 -> 0.55 | D30: =+D29/2+D31/2 -> 0.9 | E30: =+(D30+G30)/2 -> 0.908125 | F30: =+E30/2+G30/2 -> 0.9121875 | G30: =+G29/2+G31/2 -> 0.91625 | H30: =+G30/2+I30/2 -> 0.9185625 | I30: =+G30/2+J30/2 -> 0.920875 | J30: =+J29/2+J31/2 -> 0.9255
C31: 0.6 | D31: =+D27/2+D35/2 -> 0.88 | E31: =+(D31+G31)/2 -> 0.8895 | F31: =+E31/2+G31/2 -> 0.89425 | G31: =+G27/2+G35/2 -> 0.899 | H31: =+G31/2+I31/2 -> 0.90175 | I31: =+G31/2+J31/2 -> 0.9045 | J31: =+J27/2+J35/2 -> 0.91
C32: 0.65 | D32: =+D31/2+D33/2 -> 0.86 | E32: =+(D32+G32)/2 -> 0.870875 | F32: =+E32/2+G32/2 -> 0.8763125 | G32: =+G31/2+G33/2 -> 0.88175 | H32: =+G32/2+I32/2 -> 0.8849375 | I32: =+G32/2+J32/2 -> 0.888125 | J32: =+J31/2+J33/2 -> 0.8945
C33: 0.7 | D33: =+D31/2+D35/2 -> 0.84 | E33: =+(D33+G33)/2 -> 0.85225 | F33: =+E33/2+G33/2 -> 0.858375 | G33: =+G31/2+G35/2 -> 0.8645 | H33: =+G33/2+I33/2 -> 0.868125 | I33: =+G33/2+J33/2 -> 0.87175 | J33: =+J31/2+J35/2 -> 0.879
C34: =+C33/2+C35/2 -> 0.75 | D34: =+D33/2+D35/2 -> 0.82 | E34: =+(D34+G34)/2 -> 0.833625 | F34: =+E34/2+G34/2 -> 0.8404375 | G34: =+G33/2+G35/2 -> 0.84725 | H34: =+G34/2+I34/2 -> 0.8513125 | I34: =+G34/2+J34/2 -> 0.855375 | J34: =+J33/2+J35/2 -> 0.8635
C35: 0.8 | D35: 0.8 | E35: =+(D35+G35)/2 -> 0.815 | F35: =+E35/2+G35/2 -> 0.8225 | G35: 0.83 | H35: =+G35/2+I35/2 -> 0.8345 | I35: =+G35/2+J35/2 -> 0.839 | J35: 0.848
C36: 0.85 | D36: =+D35/2+D37/2 -> 0.77575 | E36: =+(D36+G36)/2 -> 0.79175 | F36: =+E36/2+G36/2 -> 0.79975 | G36: =+G35/2+G37/2 -> 0.80775 | H36: =+G36/2+I36/2 -> 0.812625 | I36: =+G36/2+J36/2 -> 0.8175 | J36: =+J35/2+J37/2 -> 0.82725
C37: 0.9 | D37: =+D35/2+D39/2 -> 0.7515 | E37: =+(D37+G37)/2 -> 0.7685 | F37: =+E37/2+G37/2 -> 0.777 | G37: =+G35/2+G39/2 -> 0.7855 | H37: =+G37/2+I37/2 -> 0.79075 | I37: =+G37/2+J37/2 -> 0.796 | J37: =+J35/2+J39/2 -> 0.8065
C38: =+C37/2+C39/2 -> 0.95 | D38: =+D37/2+D39/2 -> 0.72725 | E38: =+(D38+G38)/2 -> 0.74525 | F38: =+E38/2+G38/2 -> 0.75425 | G38: =+G37/2+G39/2 -> 0.76325 | H38: =+G38/2+I38/2 -> 0.768875 | I38: =+G38/2+J38/2 -> 0.7745 | J38: =+J37/2+J39/2 -> 0.78575
C39: 1 | D39: =+D43/2+D35/2 -> 0.703 | E39: =+(D39+G39)/2 -> 0.722 | F39: =+E39/2+G39/2 -> 0.7315 | G39: =+G43/2+G35/2 -> 0.741 | H39: =+G39/2+I39/2 -> 0.747 | I39: =+G39/2+J39/2 -> 0.753 | J39: =+J43/2+J35/2 -> 0.765
C40: =+C39/2+C41/2 -> 1.05 | D40: =+D39/2+D41/2 -> 0.67875 | E40: =+(D40+G40)/2 -> 0.69875 | F40: =+E40/2+G40/2 -> 0.70875 | G40: =+G39/2+G41/2 -> 0.71875 | H40: =+G40/2+I40/2 -> 0.725125 | I40: =+G40/2+J40/2 -> 0.7315 | J40: =+J39/2+J41/2 -> 0.74425
C41: 1.1 | D41: =+D39/2+D43/2 -> 0.6545 | E41: =+(D41+G41)/2 -> 0.6755 | F41: =+E41/2+G41/2 -> 0.686 | G41: =+G39/2+G43/2 -> 0.6965 | H41: =+G41/2+I41/2 -> 0.70325 | I41: =+G41/2+J41/2 -> 0.71 | J41: =+J39/2+J43/2 -> 0.7235
C42: =+C41/2+C43/2 -> 1.15 | D42: =+D41/2+D43/2 -> 0.63025 | E42: =+(D42+G42)/2 -> 0.65225 | F42: =+E42/2+G42/2 -> 0.66325 | G42: =+G41/2+G43/2 -> 0.67425 | H42: =+G42/2+I42/2 -> 0.681375 | I42: =+G42/2+J42/2 -> 0.6885 | J42: =+J41/2+J43/2 -> 0.70275
C43: 1.2 | D43: 0.606 | E43: =+(D43+G43)/2 -> 0.629 | F43: =+E43/2+G43/2 -> 0.6405 | G43: 0.652 | H43: =+G43/2+I43/2 -> 0.6595 | I43: =+G43/2+J43/2 -> 0.667 | J43: 0.682
C44: =+C43/2+C45/2 -> 1.25 | D44: =+D43/2+D45/2 -> 0.586375 | E44: =+(D44+G44)/2 -> 0.6094375 | F44: =+E44/2+G44/2 -> 0.62096875 | G44: =+G43/2+G45/2 -> 0.6325 | H44: =+G44/2+I44/2 -> 0.6401875 | I44: =+G44/2+J44/2 -> 0.647875 | J44: =+J43/2+J45/2 -> 0.66325
C45: 1.3 | D45: =+D43/2+D47/2 -> 0.56675 | E45: =+(D45+G45)/2 -> 0.589875 | F45: =+E45/2+G45/2 -> 0.6014375 | G45: =+G43/2+G47/2 -> 0.613 | H45: =+G45/2+I45/2 -> 0.620875 | I45: =+G45/2+J45/2 -> 0.62875 | J45: =+J43/2+J47/2 -> 0.6445
C46: 1.35 | D46: =+D45/2+D47/2 -> 0.547125 | E46: =+E45/2+E47/2 -> 0.5703125 | F46: =+F45/2+F47/2 -> 0.58190625 | G46: =+G45/2+G47/2 -> 0.5935 | H46: =+H45/2+H47/2 -> 0.6015625 | I46: =+I45/2+I47/2 -> 0.609625 | J46: =+J45/2+J47/2 -> 0.62575
C47: 1.4 | D47: =+D43/2+D51/2 -> 0.5275 | E47: =+(D47+G47)/2 -> 0.55075 | F47: =+E47/2+G47/2 -> 0.562375 | G47: =+G43/2+G51/2 -> 0.574 | H47: =+G47/2+I47/2 -> 0.58225 | I47: =+G47/2+J47/2 -> 0.5905 | J47: =+J43/2+J51/2 -> 0.607
C48: =+C47/2+C49/2 -> 1.45 | D48: =+D47/2+D49/2 -> 0.507875 | E48: =+(D48+G48)/2 -> 0.5311875 | F48: =+E48/2+G48/2 -> 0.54284375 | G48: =+G47/2+G49/2 -> 0.5545 | H48: =+G48/2+I48/2 -> 0.5629375 | I48: =+G48/2+J48/2 -> 0.571375 | J48: =+J47/2+J49/2 -> 0.58825
C49: 1.5 | D49: =+D47/2+D51/2 -> 0.48825 | E49: =+(D49+G49)/2 -> 0.511625 | F49: =+E49/2+G49/2 -> 0.5233125 | G49: =+G47/2+G51/2 -> 0.535 | H49: =+G49/2+I49/2 -> 0.543625 | I49: =+G49/2+J49/2 -> 0.55225 | J49: =+J47/2+J51/2 -> 0.5695
C50: =+C49/2+C51/2 -> 1.55 | D50: =+D49/2+D51/2 -> 0.468625 | E50: =+(D50+G50)/2 -> 0.4920625 | F50: =+E50/2+G50/2 -> 0.50378125 | G50: =+G49/2+G51/2 -> 0.5155 | H50: =+G50/2+I50/2 -> 0.5243125 | I50: =+G50/2+J50/2 -> 0.533125 | J50: =+J49/2+J51/2 -> 0.55075
C51: 1.6 | D51: 0.449 | E51: =+(D51+G51)/2 -> 0.4725 | F51: =+E51/2+G51/2 -> 0.48425 | G51: 0.496 | H51: =+G51/2+I51/2 -> 0.505 | I51: =+G51/2+J51/2 -> 0.514 | J51: 0.532
C52: =+C51/2+C53/2 -> 1.65 | D52: =+D51/2+D53/2 -> 0.434875 | E52: =+(D52+G52)/2 -> 0.458125 | F52: =+E52/2+G52/2 -> 0.46975 | G52: =+G51/2+G53/2 -> 0.481375 | H52: =+G52/2+I52/2 -> 0.49034375 | I52: =+G52/2+J52/2 -> 0.4993125 | J52: =+J51/2+J53/2 -> 0.51725
C53: 1.7 | D53: =+D51/2+D55/2 -> 0.42075 | E53: =+(D53+G53)/2 -> 0.44375 | F53: =+E53/2+G53/2 -> 0.45525 | G53: =+G51/2+G55/2 -> 0.46675 | H53: =+G53/2+I53/2 -> 0.4756875 | I53: =+G53/2+J53/2 -> 0.484625 | J53: =+J51/2+J55/2 -> 0.5025
C54: =+C53/2+C55/2 -> 1.75 | D54: =+D53/2+D55/2 -> 0.406625 | E54: =+(D54+G54)/2 -> 0.429375 | F54: =+E54/2+G54/2 -> 0.44075 | G54: =+G53/2+G55/2 -> 0.452125 | H54: =+G54/2+I54/2 -> 0.46103125 | I54: =+G54/2+J54/2 -> 0.4699375 | J54: =+J53/2+J55/2 -> 0.48775
C55: 1.8 | D55: =+D51/2+D59/2 -> 0.3925 | E55: =+(D55+G55)/2 -> 0.415 | F55: =+E55/2+G55/2 -> 0.42625 | G55: =+G51/2+G59/2 -> 0.4375 | H55: =+G55/2+I55/2 -> 0.446375 | I55: =+G55/2+J55/2 -> 0.45525 | J55: =+J51/2+J59/2 -> 0.473
C56: =+C55/2+C57/2 -> 1.85 | D56: =+D55/2+D57/2 -> 0.378375 | E56: =+(D56+G56)/2 -> 0.400625 | F56: =+E56/2+G56/2 -> 0.41175 | G56: =+G55/2+G57/2 -> 0.422875 | H56: =+G56/2+I56/2 -> 0.43171875 | I56: =+G56/2+J56/2 -> 0.4405625 | J56: =+J55/2+J57/2 -> 0.45825
C57: 1.9 | D57: =+D55/2+D59/2 -> 0.36425 | E57: =+(D57+G57)/2 -> 0.38625 | F57: =+E57/2+G57/2 -> 0.39725 | G57: =+G55/2+G59/2 -> 0.40825 | H57: =+G57/2+I57/2 -> 0.4170625 | I57: =+G57/2+J57/2 -> 0.425875 | J57: =+J55/2+J59/2 -> 0.4435
C58: =+C57/2+C59/2 -> 1.95 | D58: =+D57/2+D59/2 -> 0.350125 | E58: =+(D58+G58)/2 -> 0.371875 | F58: =+E58/2+G58/2 -> 0.38275 | G58: =+G57/2+G59/2 -> 0.393625 | H58: =+G58/2+I58/2 -> 0.40240625 | I58: =+G58/2+J58/2 -> 0.4111875 | J58: =+J57/2+J59/2 -> 0.42875
C59: 2 | D59: 0.336 | E59: =+(D59+G59)/2 -> 0.3575 | F59: =+E59/2+G59/2 -> 0.36825 | G59: 0.379 | H59: =+G59/2+I59/2 -> 0.38775 | I59: =+G59/2+J59/2 -> 0.3965 | J59: 0.414
C60: =+C59/2+C61/2 -> 2.05 | D60: =+D59/2+D61/2 -> 0.326125 | E60: =+(D60+G60)/2 -> 0.34725 | F60: =+E60/2+G60/2 -> 0.3578125 | G60: =+G59/2+G61/2 -> 0.368375 | H60: =+G60/2+I60/2 -> 0.377 | I60: =+G60/2+J60/2 -> 0.385625 | J60: =+J59/2+J61/2 -> 0.402875
C61: 2.1 | D61: =+D59/2+D63/2 -> 0.31625 | E61: =+(D61+G61)/2 -> 0.337 | F61: =+E61/2+G61/2 -> 0.347375 | G61: =+G59/2+G63/2 -> 0.35775 | H61: =+G61/2+I61/2 -> 0.36625 | I61: =+G61/2+J61/2 -> 0.37475 | J61: =+J59/2+J63/2 -> 0.39175
C62: 2.15 | D62: =+D61/2+D63/2 -> 0.306375 | E62: =+(D62+G62)/2 -> 0.32675 | F62: =+E62/2+G62/2 -> 0.3369375 | G62: =+G61/2+G63/2 -> 0.347125 | H62: =+G62/2+I62/2 -> 0.3555 | I62: =+G62/2+J62/2 -> 0.363875 | J62: =+J61/2+J63/2 -> 0.380625
C63: 2.2 | D63: =+D59/2+D67/2 -> 0.2965 | E63: =+(D63+G63)/2 -> 0.3165 | F63: =+E63/2+G63/2 -> 0.3265 | G63: =+G59/2+G67/2 -> 0.3365 | H63: =+G63/2+I63/2 -> 0.34475 | I63: =+G63/2+J63/2 -> 0.353 | J63: =+J59/2+J67/2 -> 0.3695
C64: =+C63/2+C65/2 -> 2.25 | D64: =+D63/2+D65/2 -> 0.286625 | E64: =+(D64+G64)/2 -> 0.30625 | F64: =+E64/2+G64/2 -> 0.3160625 | G64: =+G63/2+G65/2 -> 0.325875 | H64: =+G64/2+I64/2 -> 0.334 | I64: =+G64/2+J64/2 -> 0.342125 | J64: =+J63/2+J65/2 -> 0.358375
C65: 2.3 | D65: =+D63/2+D67/2 -> 0.27675 | E65: =+(D65+G65)/2 -> 0.296 | F65: =+E65/2+G65/2 -> 0.305625 | G65: =+G63/2+G67/2 -> 0.31525 | H65: =+G65/2+I65/2 -> 0.32325 | I65: =+G65/2+J65/2 -> 0.33125 | J65: =+J63/2+J67/2 -> 0.34725
C66: 2.35 | D66: =+D65/2+D67/2 -> 0.266875 | E66: =+(D66+G66)/2 -> 0.28575 | F66: =+E66/2+G66/2 -> 0.2951875 | G66: =+G65/2+G67/2 -> 0.304625 | H66: =+G66/2+I66/2 -> 0.3125 | I66: =+G66/2+J66/2 -> 0.320375 | J66: =+J65/2+J67/2 -> 0.336125
C67: 2.4 | D67: 0.257 | E67: =+(D67+G67)/2 -> 0.2755 | F67: =+E67/2+G67/2 -> 0.28475 | G67: 0.294 | H67: =+G67/2+I67/2 -> 0.30175 | I67: =+G67/2+J67/2 -> 0.3095 | J67: 0.325
C68: =+C67/2+C69/2 -> 2.45 | D68: =+D67/2+D69/2 -> 0.25 | E68: =+(D68+G68)/2 -> 0.268125 | F68: =+E68/2+G68/2 -> 0.2771875 | G68: =+G67/2+G69/2 -> 0.28625 | H68: =+G68/2+I68/2 -> 0.29390625 | I68: =+G68/2+J68/2 -> 0.3015625 | J68: =+J67/2+J69/2 -> 0.316875
C69: 2.5 | D69: =+D67/2+D71/2 -> 0.243 | E69: =+(D69+G69)/2 -> 0.26075 | F69: =+E69/2+G69/2 -> 0.269625 | G69: =+G67/2+G71/2 -> 0.2785 | H69: =+G69/2+I69/2 -> 0.2860625 | I69: =+G69/2+J69/2 -> 0.293625 | J69: =+J67/2+J71/2 -> 0.30875
C70: =+C69/2+C71/2 -> 2.55 | D70: =+D69/2+D71/2 -> 0.236 | E70: =+(D70+G70)/2 -> 0.253375 | F70: =+E70/2+G70/2 -> 0.2620625 | G70: =+G69/2+G71/2 -> 0.27075 | H70: =+G70/2+I70/2 -> 0.27821875 | I70: =+G70/2+J70/2 -> 0.2856875 | J70: =+J69/2+J71/2 -> 0.300625
C71: 2.6 | D71: =+D67/2+D75/2 -> 0.229 | E71: =+(D71+G71)/2 -> 0.246 | F71: =+E71/2+G71/2 -> 0.2545 | G71: =+G67/2+G75/2 -> 0.263 | H71: =+G71/2+I71/2 -> 0.270375 | I71: =+G71/2+J71/2 -> 0.27775 | J71: =+J67/2+J75/2 -> 0.2925
C72: 2.65 | D72: =+D71/2+D73/2 -> 0.222 | E72: =+(D72+G72)/2 -> 0.238625 | F72: =+E72/2+G72/2 -> 0.2469375 | G72: =+G71/2+G73/2 -> 0.25525 | H72: =+G72/2+I72/2 -> 0.26253125 | I72: =+G72/2+J72/2 -> 0.2698125 | J72: =+J71/2+J73/2 -> 0.284375
C73: 2.7 | D73: =+D71/2+D75/2 -> 0.215 | E73: =+(D73+G73)/2 -> 0.23125 | F73: =+E73/2+G73/2 -> 0.239375 | G73: =+G71/2+G75/2 -> 0.2475 | H73: =+G73/2+I73/2 -> 0.2546875 | I73: =+G73/2+J73/2 -> 0.261875 | J73: =+J71/2+J75/2 -> 0.27625
C74: =+C73/2+C75/2 -> 2.75 | D74: =+D73/2+D75/2 -> 0.208 | E74: =+(D74+G74)/2 -> 0.223875 | F74: =+E74/2+G74/2 -> 0.2318125 | G74: =+G73/2+G75/2 -> 0.23975 | H74: =+G74/2+I74/2 -> 0.24684375 | I74: =+G74/2+J74/2 -> 0.2539375 | J74: =+J73/2+J75/2 -> 0.268125
C75: 2.8 | D75: 0.201 | E75: =+(D75+G75)/2 -> 0.2165 | F75: =+E75/2+G75/2 -> 0.22425 | G75: 0.232 | H75: =+G75/2+I75/2 -> 0.239 | I75: =+G75/2+J75/2 -> 0.246 | J75: 0.26
C76: 2.85 | D76: =+D75/2+D77/2 -> 0.195875 | E76: =+(D76+G76)/2 -> 0.211125 | F76: =+E76/2+G76/2 -> 0.21875 | G76: =+G75/2+G77/2 -> 0.226375 | H76: =+G76/2+I76/2 -> 0.23321875 | I76: =+G76/2+J76/2 -> 0.2400625 | J76: =+J75/2+J77/2 -> 0.25375
C77: 2.9 | D77: =+D75/2+D79/2 -> 0.19075 | E77: =+(D77+G77)/2 -> 0.20575 | F77: =+E77/2+G77/2 -> 0.21325 | G77: =+G75/2+G79/2 -> 0.22075 | H77: =+G77/2+I77/2 -> 0.2274375 | I77: =+G77/2+J77/2 -> 0.234125 | J77: =+J75/2+J79/2 -> 0.2475
C78: =+C77/2+C79/2 -> 2.95 | D78: =+D77/2+D79/2 -> 0.185625 | E78: =+(D78+G78)/2 -> 0.200375 | F78: =+E78/2+G78/2 -> 0.20775 | G78: =+G77/2+G79/2 -> 0.215125 | H78: =+G78/2+I78/2 -> 0.22165625 | I78: =+G78/2+J78/2 -> 0.2281875 | J78: =+J77/2+J79/2 -> 0.24125
C79: 3 | D79: =+D75/2+D83/2 -> 0.1805 | E79: =+(D79+G79)/2 -> 0.195 | F79: =+E79/2+G79/2 -> 0.20225 | G79: =+G75/2+G83/2 -> 0.2095 | H79: =+G79/2+I79/2 -> 0.215875 | I79: =+G79/2+J79/2 -> 0.22225 | J79: =+J75/2+J83/2 -> 0.235
C80: =+C79/2+C81/2 -> 3.05 | D80: =+D79/2+D81/2 -> 0.175375 | E80: =+(D80+G80)/2 -> 0.189625 | F80: =+E80/2+G80/2 -> 0.19675 | G80: =+G79/2+G81/2 -> 0.203875 | H80: =+G80/2+I80/2 -> 0.21009375 | I80: =+G80/2+J80/2 -> 0.2163125 | J80: =+J79/2+J81/2 -> 0.22875
C81: 3.1 | D81: =+D79/2+D83/2 -> 0.17025 | E81: =+(D81+G81)/2 -> 0.18425 | F81: =+E81/2+G81/2 -> 0.19125 | G81: =+G79/2+G83/2 -> 0.19825 | H81: =+G81/2+I81/2 -> 0.2043125 | I81: =+G81/2+J81/2 -> 0.210375 | J81: =+J79/2+J83/2 -> 0.2225
C82: 3.15 | D82: =+D81/2+D83/2 -> 0.165125 | E82: =+(D82+G82)/2 -> 0.178875 | F82: =+E82/2+G82/2 -> 0.18575 | G82: =+G81/2+G83/2 -> 0.192625 | H82: =+G82/2+I82/2 -> 0.19853125 | I82: =+G82/2+J82/2 -> 0.2044375 | J82: =+J81/2+J83/2 -> 0.21625
C83: 3.2 | D83: 0.16 | E83: =+(D83+G83)/2 -> 0.1735 | F83: =+E83/2+G83/2 -> 0.18025 | G83: 0.187 | H83: =+G83/2+I83/2 -> 0.19275 | I83: =+G83/2+J83/2 -> 0.1985 | J83: 0.21
C84: =+C83/2+C85/2 -> 3.25 | D84: =+D83/2+D85/2 -> 0.15625 | E84: =+(D84+G84)/2 -> 0.1695 | F84: =+E84/2+G84/2 -> 0.176125 | G84: =+G83/2+G85/2 -> 0.18275 | H84: =+G84/2+I84/2 -> 0.18840625 | I84: =+G84/2+J84/2 -> 0.1940625 | J84: =+J83/2+J85/2 -> 0.205375
C85: 3.3 | D85: =+D83/2+D87/2 -> 0.1525 | E85: =+(D85+G85)/2 -> 0.1655 | F85: =+E85/2+G85/2 -> 0.172 | G85: =+G83/2+G87/2 -> 0.1785 | H85: =+G85/2+I85/2 -> 0.1840625 | I85: =+G85/2+J85/2 -> 0.189625 | J85: =+J83/2+J87/2 -> 0.20075
C86: 3.35 | D86: =+D85/2+D87/2 -> 0.14875 | E86: =+(D86+G86)/2 -> 0.1615 | F86: =+E86/2+G86/2 -> 0.167875 | G86: =+G85/2+G87/2 -> 0.17425 | H86: =+G86/2+I86/2 -> 0.17971875 | I86: =+G86/2+J86/2 -> 0.1851875 | J86: =+J85/2+J87/2 -> 0.196125
C87: 3.4 | D87: =+D83/2+D91/2 -> 0.145 | E87: =+(D87+G87)/2 -> 0.1575 | F87: =+E87/2+G87/2 -> 0.16375 | G87: =+G83/2+G91/2 -> 0.17 | H87: =+G87/2+I87/2 -> 0.175375 | I87: =+G87/2+J87/2 -> 0.18075 | J87: =+J83/2+J91/2 -> 0.1915
C88: =+C87/2+C89/2 -> 3.45 | D88: =+D87/2+D89/2 -> 0.14125 | E88: =+(D88+G88)/2 -> 0.1535 | F88: =+E88/2+G88/2 -> 0.159625 | G88: =+G87/2+G89/2 -> 0.16575 | H88: =+G88/2+I88/2 -> 0.17103125 | I88: =+G88/2+J88/2 -> 0.1763125 | J88: =+J87/2+J89/2 -> 0.186875
C89: 3.5 | D89: =+D87/2+D91/2 -> 0.1375 | E89: =+(D89+G89)/2 -> 0.1495 | F89: =+E89/2+G89/2 -> 0.1555 | G89: =+G87/2+G91/2 -> 0.1615 | H89: =+G89/2+I89/2 -> 0.1666875 | I89: =+G89/2+J89/2 -> 0.171875 | J89: =+J87/2+J91/2 -> 0.18225
C90: =+C89/2+C91/2 -> 3.55 | D90: =+D89/2+D91/2 -> 0.13375 | E90: =+(D90+G90)/2 -> 0.1455 | F90: =+E90/2+G90/2 -> 0.151375 | G90: =+G89/2+G91/2 -> 0.15725 | H90: =+G90/2+I90/2 -> 0.16234375 | I90: =+G90/2+J90/2 -> 0.1674375 | J90: =+J89/2+J91/2 -> 0.177625
C91: 3.6 | D91: 0.13 | E91: =+(D91+G91)/2 -> 0.1415 | F91: =+E91/2+G91/2 -> 0.14725 | G91: 0.153 | H91: =+G91/2+I91/2 -> 0.158 | I91: =+G91/2+J91/2 -> 0.163 | J91: 0.173
C92: 3.65 | D92: =+D91/2+D93/2 -> 0.12725 | E92: =+(D92+G92)/2 -> 0.1385 | F92: =+E92/2+G92/2 -> 0.144125 | G92: =+G91/2+G93/2 -> 0.14975 | H92: =+G92/2+I92/2 -> 0.1546875 | I92: =+G92/2+J92/2 -> 0.159625 | J92: =+J91/2+J93/2 -> 0.1695
C93: 3.7 | D93: =+D91/2+D95/2 -> 0.1245 | E93: =+(D93+G93)/2 -> 0.1355 | F93: =+E93/2+G93/2 -> 0.141 | G93: =+G91/2+G95/2 -> 0.1465 | H93: =+G93/2+I93/2 -> 0.151375 | I93: =+G93/2+J93/2 -> 0.15625 | J93: =+J91/2+J95/2 -> 0.166
C94: =+C93/2+C95/2 -> 3.75 | D94: =+D93/2+D95/2 -> 0.12175 | E94: =+(D94+G94)/2 -> 0.1325 | F94: =+E94/2+G94/2 -> 0.137875 | G94: =+G93/2+G95/2 -> 0.14325 | H94: =+G94/2+I94/2 -> 0.1480625 | I94: =+G94/2+J94/2 -> 0.152875 | J94: =+J93/2+J95/2 -> 0.1625
C95: 3.8 | D95: =+D91/2+D99/2 -> 0.119 | E95: =+(D95+G95)/2 -> 0.1295 | F95: =+E95/2+G95/2 -> 0.13475 | G95: =+G91/2+G99/2 -> 0.14 | H95: =+G95/2+I95/2 -> 0.14475 | I95: =+G95/2+J95/2 -> 0.1495 | J95: =+J91/2+J99/2 -> 0.159
C96: 3.85 | D96: =+D95/2+D97/2 -> 0.11625 | E96: =+(D96+G96)/2 -> 0.1265 | F96: =+E96/2+G96/2 -> 0.131625 | G96: =+G95/2+G97/2 -> 0.13675 | H96: =+G96/2+I96/2 -> 0.1414375 | I96: =+G96/2+J96/2 -> 0.146125 | J96: =+J95/2+J97/2 -> 0.1555
C97: 3.9 | D97: =+D95/2+D99/2 -> 0.1135 | E97: =+(D97+G97)/2 -> 0.1235 | F97: =+E97/2+G97/2 -> 0.1285 | G97: =+G95/2+G99/2 -> 0.1335 | H97: =+G97/2+I97/2 -> 0.138125 | I97: =+G97/2+J97/2 -> 0.14275 | J97: =+J95/2+J99/2 -> 0.152
C98: =+C97/2+C99/2 -> 3.95 | D98: =+D97/2+D99/2 -> 0.11075 | E98: =+(D98+G98)/2 -> 0.1205 | F98: =+E98/2+G98/2 -> 0.125375 | G98: =+G97/2+G99/2 -> 0.13025 | H98: =+G98/2+I98/2 -> 0.1348125 | I98: =+G98/2+J98/2 -> 0.139375 | J98: =+J97/2+J99/2 -> 0.1485
C99: 4 | D99: 0.108 | E99: =+(D99+G99)/2 -> 0.1175 | F99: =+E99/2+G99/2 -> 0.12225 | G99: 0.127 | H99: =+G99/2+I99/2 -> 0.1315 | I99: =+G99/2+J99/2 -> 0.136 | J99: 0.145
C100: =+C99/2+C101/2 -> 4.05 | D100: =+D99/2+D101/2 -> 0.105875 | E100: =+(D100+G100)/2 -> 0.1151875 | F100: =+E100/2+G100/2 -> 0.11984375 | G100: =+G99/2+G101/2 -> 0.1245 | H100: =+G100/2+I100/2 -> 0.12890625 | I100: =+G100/2+J100/2 -> 0.1333125 | J100: =+J99/2+J101/2 -> 0.142125
C101: 4.1 | D101: =+D99/2+D103/2 -> 0.10375 | E101: =+(D101+G101)/2 -> 0.112875 | F101: =+E101/2+G101/2 -> 0.1174375 | G101: =+G99/2+G103/2 -> 0.122 | H101: =+G101/2+I101/2 -> 0.1263125 | I101: =+G101/2+J101/2 -> 0.130625 | J101: =+J99/2+J103/2 -> 0.13925
C102: =+C101/2+C103/2 -> 4.15 | D102: =+D101/2+D103/2 -> 0.101625 | E102: =+(D102+G102)/2 -> 0.1105625 | F102: =+E102/2+G102/2 -> 0.11503125 | G102: =+G101/2+G103/2 -> 0.1195 | H102: =+G102/2+I102/2 -> 0.12371875 | I102: =+G102/2+J102/2 -> 0.1279375 | J102: =+J101/2+J103/2 -> 0.136375
C103: 4.2 | D103: =+D99/2+D107/2 -> 0.0995 | E103: =+(D103+G103)/2 -> 0.10825 | F103: =+E103/2+G103/2 -> 0.112625 | G103: =+G99/2+G107/2 -> 0.117 | H103: =+G103/2+I103/2 -> 0.121125 | I103: =+G103/2+J103/2 -> 0.12525 | J103: =+J99/2+J107/2 -> 0.1335
...

Sheet TRANG BIA
A19: ="TÍNH TOÁN MÓNG CỘT " &'N411-20'!C3 -> TÍNH TOÁN MÓNG CỘT D411-25
A21: ="MÓNG " &'N411-20'!J3 -> MÓNG MB 2.6-5x6
D185: =VLOOKUP(J58,'Bảng tra'!$I$3:$M$6,5,0)*100 -> #N/A

Sheet TBA-1
A1: ='N411-20'!A1:B1 -> CÔNG TRÌNH | C1: ='N411-20'!C1:D1 -> NHÀ MÁY ĐIỆN GIÓ
A2: ='N411-20'!A2:B2 -> HẠNG MỤC | C2: ='N411-20'!C2:D2 -> ĐƯỜNG DÂY 22kV | V2: Chú ý: có Ao hay ko, nếu có ghi Ao vào ô V3, Không có thì xóa ô V3 đi
A3: ='N411-20'!A3:B3 -> Cột | C3: ='N411-20'!C3:D3 -> D411-25 | I3: ='N411-20'!I3 -> Loại móng: | J3: ='N411-20'!J3 -> MB 2.6-5x6 | W3: =IF(V3="Ao","A","")
E4: KIỂM TRA NỀN MÓNG | I4: Vị trí: | J4: TBA-1
J6: Kích thước chân cột
J7: L1 = | K7: ='N411-20'!K7 -> 2.6 | L7: (m) | V7: Copy địa chất vào bảng này
J8: L2 = | K8: ='N411-20'!K8 -> 2.6 | L8: (m) | V8: Lớp | W8: Tên lớp | X8: Chiều dày | Y8: γw | Z8: ∆ | AA8: ε0 | AB8: φ | AC8: C | AD8: E
J9: Chọn kích thước móng | X9: (m) | Y9: (T/m³) | AB9: (độ) | AC9: (T/m²) | AD9: (T/m²)
J10: B = | K10: ='N411-20'!K10 -> 5 | L10: (m) | V10: Lớp 1 | W10: Á sét | X10: 2 | Y10: 1.79 | Z10: 2.61 | AA10: 0.61 | AB10: 15 | AC10: 4.7 | AD10: 550
J11: L = | K11: ='N411-20'!K11 -> 6 | L11: (m) | V11: Lớp 1 | W11: Sét | X11: 3 | Y11: 1.83 | Z11: 2.59 | AA11: 0.62 | AB11: 17 | AC11: 5.4 | AD11: 550
J12: L/B = | K12: =+ROUND(K11/K10,2) -> 1.2 | V12: Lớp 1 | W12: Sét | X12: 3 | Y12: 1.85 | Z12: 2.61 | AA12: 0.6 | AB12: 19 | AC12: 5.9 | AD12: 550
J13: Chiều sâu chôn móng
J14: H1 = | K14: ='N411-20'!K14 -> 2.5 | L14: (m) | AA14: `
J15: Chiều cao móng trên mặt đất | W15: `
J16: H2 = | K16: ='N411-20'!K16 -> 1 | L16: (m)
G17: =G26 -> 1.2 | J17: Chiều cao móng
J18: H = | K18: =K14+K16 -> 3.5 | L18: (m)
J19: Bản móng
G20: =K8 -> 2.6 | J20: hb = | K20: ='N411-20'!K20 -> 0.5 | L20: (m) | P20: Ghi chuù | R20: W(kg/m) | S20: F(cm²)
J21: hv = | K21: ='N411-20'!K21 -> 0.3 | L21: (m) | P21: 30 | Q21: =+P21/1000 -> 0.03 | R21: =3.14*Q21^2/4*7850 -> 5.546025 | S21: =3.14*Q21^2/4*10000 -> 7.065
J22: Cổ móng | P22: 28 | Q22: =+P22/1000 -> 0.028 | R22: =3.14*Q22^2/4*7850 -> 4.831204 | S22: =3.14*Q22^2/4*10000 -> 6.1544
J23: b = | K23: ='N411-20'!K23 -> 1 | L23: (m) | P23: 25 | Q23: =+P23/1000 -> 0.025 | R23: =3.14*Q23^2/4*7850 -> 3.8514063 | S23: =3.14*Q23^2/4*10000 -> 4.90625
J24: Các kích thước khác | P24: 22 | Q24: =+P24/1000 -> 0.022 | R24: =3.14*Q24^2/4*7850 -> 2.982529 | S24: =3.14*Q24^2/4*10000 -> 3.7994
J25: la1 = | K25: =K7-K23 -> 1.6 | L25: (m) | P25: 20 | Q25: =+P25/1000 -> 0.02 | R25: =3.14*Q25^2/4*7850 -> 2.4649 | S25: =3.14*Q25^2/4*10000 -> 3.14
G26: =(K10-K7)/2 -> 1.2 | J26: la2 = | K26: =(K10-K7-K23)/2 -> 0.7 | L26: (m) | P26: 18 | Q26: =+P26/1000 -> 0.018 | R26: =3.14*Q26^2/4*7850 -> 1.996569 | S26: =3.14*Q26^2/4*10000 -> 2.5434
J27: lb1 = | K27: =K8-K23 -> 1.6 | L27: (m) | P27: 16 | Q27: =+P27/1000 -> 0.016 | R27: =3.14*Q27^2/4*7850 -> 1.577536 | S27: =3.14*Q27^2/4*10000 -> 2.0096
C28: =F28 -> 1.7 | E28: =K7 -> 2.6 | F28: =(K11-K8)/2 -> 1.7 | J28: lb2 = | K28: =(K11-K8-K23)/2 -> 1.2 | L28: (m) | P28: 14 | Q28: =+P28/1000 -> 0.014 | R28: =3.14*Q28^2/4*7850 -> 1.207801 | S28: =3.14*Q28^2/4*10000 -> 1.5386
A29: 1.Tổ hợp lực chân cột truyền xuống móng | J29: Thể tích bê tông móng | P29: 12 | Q29: =+P29/1000 -> 0.012 | R29: =3.14*Q29^2/4*7850 -> 0.887364 | S29: =3.14*Q29^2/4*10000 -> 1.1304
A30: Bảng tổng hợp nội lực | J30: V = | K30: =K10*K11*K21+(((K10*K11)+(K7+K23+0.2)^2+(K10+K7+K23+0.2)*(K11+K8+K23+0.2))*(K20-K21)/6)+K23*K23*(K18-K20)*4 -> 25.356 | L30: (m³)
A31: Trường hợp | C31: Qx(T) | D31: Qy(T) | E31: N(T) | F31: Mx(T.m) | G31: My(T.m) | H31: Mz(T.m) | J31: Diện tích đáy móng
A32: Lực nhổ max | C32: ='N411-20'!C32 -> -1.6875 | D32: ='N411-20'!D32 -> -1.4111 | E32: ='N411-20'!E32 -> 17.9143 | F32: ='N411-20'!F32 -> -0.0685 | G32: ='N411-20'!G32 -> 0.0464 | H32: ='N411-20'!H32 -> 0.0014 | J32: F = | K32: =K10*K11 -> 30 | L32: (m²)
A33: Lực nén max | C33: ='N411-20'!C33 -> -1.8271 | D33: ='N411-20'!D33 -> -1.8968 | E33: ='N411-20'!E33 -> -20.9922 | F33: ='N411-20'!F33 -> -0.0597 | G33: ='N411-20'!G33 -> 0.0767 | H33: ='N411-20'!H33 -> 0.001 | L33: Mômen kháng đáy móng theo phương X
A34: Tải trọng quy tâm | B34: 90 độ max | C34: ='N411-20'!C34 -> -2.5344 | D34: ='N411-20'!D34 -> -1.7965 | E34: ='N411-20'!E34 -> 6.395 | F34: ='N411-20'!F34 -> 26.65408 | G34: ='N411-20'!G34 -> 47.4663 | H34: ='N411-20'!H34 -> 0.293136 | J34: Wx = | K34: =(K11*K10^3)/6/K10 -> 25 | L34: (m³)
B35: 45 độ max | C35: ='N411-20'!C35 -> -2.4744 | D35: ='N411-20'!D35 -> -2.9365 | E35: ='N411-20'!E35 -> 6.1551 | F35: ='N411-20'!F35 -> 55.32799 | G35: ='N411-20'!G35 -> 45.79901 | H35: ='N411-20'!H35 -> 0.407518 | L35: Mômen kháng đáy móng theo phương Y
B36: Sự cố max | C36: ='N411-20'!C36 -> -2.4744 | D36: ='N411-20'!D36 -> -2.9365 | E36: ='N411-20'!E36 -> 6.1551 | F36: ='N411-20'!F36 -> 55.32799 | G36: ='N411-20'!G36 -> 45.79901 | H36: ='N411-20'!H36 -> 0.407518 | J36: Wy = | K36: =+(K10*K11^3)/12/K11*2 -> 30 | L36: (m³)
B37: TXTC | C37: ='N411-20'!C37 -> -1.15 | D37: ='N411-20'!D37 -> 0 | E37: ='N411-20'!E37 -> 5.6477 | F37: ='N411-20'!F37 -> -0.23857 | G37: ='N411-20'!G37 -> 27.86171 | H37: ='N411-20'!H37 -> 0.073859
A38: Giá trị tiêu chuẩn
A39: Gió 900 max | B39: Ntc = | C39: ='N411-20'!C40/1.15 -> 5.5608696 | D39: (T) | P39: 10 | Q39: =+P39/1000 -> 0.01 | R39: =3.14*Q39^2/4*7850 -> 0.616225 | S39: =3.14*Q39^2/4*10000 -> 0.785
B40: Qtcx = | C40: ='N411-20'!C41/1.15 -> 2.2038261 | D40: (T) | E40: Qtcy = | F40: ='N411-20'!F41/1.15 -> 1.5621739 | G40: (T) | P40: 8 | Q40: =+P40/1000 -> 0.008 | R40: =3.14*Q40^2/4*7850 -> 0.394384 | S40: =3.14*Q40^2/4*10000 -> 0.5024
B41: Mtcy = | C41: ='N411-20'!C42/1.15 -> 41.275043 | D41: (T.m) | E41: Mtcx = | F41: ='N411-20'!F42/1.15 -> 23.177461 | G41: (T.m) | J41: Thể tích đất lấp móng | P41: 6 | Q41: =+P41/1000 -> 0.006 | R41: =3.14*Q41^2/4*7850 -> 0.221841 | S41: =3.14*Q41^2/4*10000 -> 0.2826
A42: Gió 450 max | B42: Ntc = | C42: ='N411-20'!C45/1.15 -> 5.3522609 | D42: (T) | J42: V1 = | K42: =K10*K11*K14-K30 -> 49.644 | L42: (m³)
B43: Qtcx = | C43: ='N411-20'!C46/1.15 -> 2.1516522 | D43: (T) | E43: Qtcy = | F43: ='N411-20'!F46/1.15 -> 2.5534783 | G43: (T) | J43: Đấp móng
B44: Mtcy = | C44: ='N411-20'!C47/1.15 -> 39.825226 | D44: (T.m) | E44: Mtcx = | F44: ='N411-20'!F47/1.15 -> 48.111296 | G44: (T.m) | J44: hđđ = | K44: ='N411-20'!K44 -> 0 | L44: (m)
A45: Sự cố max | B45: Ntc = | C45: ='N411-20'!C48/1.15 -> 5.3522609 | D45: (T) | J45: Thể tích đất đối trọng | V45: Momen theo 4 TH
B46: Qtcx = | C46: ='N411-20'!C49/1.15 -> 2.1516522 | D46: (T) | E46: Qtcy = | F46: ='N411-20'!F49/1.15 -> 2.5534783 | G46: (T) | J46: Vđđ = | K46: =K44*K10*K11 -> 0 | L46: (m³) | V46: T.hợp/ Moment | W46: Mx | X46: My | Y46: Mmax
B47: Mtcy = | C47: ='N411-20'!C50/1.15 -> 39.825226 | D47: (T.m) | E47: Mtcx = | F47: ='N411-20'!F50/1.15 -> 48.111296 | G47: (T.m) | J47: Mdd = | K47: =K46*1.55*K11/4 -> 0 | L47: (T.m) | V47: 90 max | W47: =F41+F40*$K$18 -> 28.64507 | X47: =C41+C40*$K$18 -> 48.988435 | Y47: =SQRT(W47^2+X47^2) -> 56.748628
A48: Thường xuyên tiêu chuẩn | B48: Ntc = | C48: ='N411-20'!R13/1.15 -> 4.9110435 | D48: (T) | I48: Bê tông đối trọng Vbt = | K48: ='N411-20'!K49 -> 0 | L48: (m³) | V48: 45 max | W48: =F44+F43*$K$18 -> 57.04847 | X48: =C44+C43*$K$18 -> 47.356009 | Y48: =SQRT(W48^2+X48^2) -> 74.142562
B49: Qtcx = | C49: =ABS('N411-20'!P13/1.15) -> 1 | D49: (T) | E49: Qtcy = | F49: =ABS('N411-20'!Q13/1.15) -> 0 | G49: (T) | I49: Mômen đối trọng Mbt = | K49: ='N411-20'!K50 -> 0 | L49: (T.m) | V49: Sự cố | W49: =F47+F46*$K$18 -> 57.04847 | X49: =C47+C46*$K$18 -> 47.356009 | Y49: =SQRT(W49^2+X49^2) -> 74.142562
B50: Mtcy = | C50: =ABS('N411-20'!T13/1.15) -> 24.227574 | D50: (T.m) | E50: Mtcx = | F50: =ABS('N411-20'!S13/1.15) -> 0.20745217 | G50: (T.m) | V50: Thường xuyên | W50: =F50+F49*$K$18 -> 0.20745217 | X50: =C50+C49*$K$18 -> 27.727574 | Y50: =SQRT(W50^2+X50^2) -> 27.72835
A51: Địa chất công trình | D51: HK TK | E51: =J4 -> TBA-1 | V51: Nếu cột đỡ thì nhân hệ số 0,2 cột néo nhân hệ số 0,5
A52: Lớp | B52: Tên lớp | D52: Chiều dày | E52: γw | F52: ∆ | G52: ε0 | H52: φ | I52: C | J52: E | K52: γđn | V52: giá trị tính toán thường xuyên TC khi nhân hs | Y52: =Y50*0.5 -> 13.864175
D53: (m) | E53: (T/m³) | H53: (độ) | I53: (T/m²) | J53: (T/m²) | K53: (T/m³)
A54: =V10 -> Lớp 1 | B54: =W10 -> Á sét | D54: =X10 -> 2 | E54: =Y10 -> 1.79 | F54: =Z10 -> 2.61 | G54: =AA10 -> 0.61 | H54: =AB10 -> 15 | I54: =AC10 -> 4.7 | J54: =AD10 -> 550 | K54: =(F54-1)/(G54+1) -> 1
B55: Đệm cát | D55: 0.5 | E55: 1.55 | H55: 26 | I55: 0 | J55: 1100 | K55: =E55-1 -> 0.55
A56: =V11 -> Lớp 1 | B56: =W11 -> Sét | D56: =X11 -> 3 | E56: =Y11 -> 1.83 | F56: =Z11 -> 2.59 | G56: =AA11 -> 0.62 | H56: =AB11 -> 17 | I56: =AC11 -> 5.4 | J56: =AD11 -> 550 | K56: =(F56-1)/(G56+1) -> 0.98148148
A57: =IF(V12=0,"",V12) -> Lớp 1 | B57: =IF(W12=0,"",W12) -> Sét | D57: =IF(X12=0,"",X12) -> 3 | E57: =IF(Y12=0,"",Y12) -> 1.85 | F57: =IF(Z12=0,"",Z12) -> 2.61 | G57: =IF(AA12=0,"",AA12) -> 0.6 | H57: =IF(AB12=0,"",AB12) -> 19 | I57: =IF(AC12=0,"",AC12) -> 5.9 | J57: =IF(AD12=0,"",AD12) -> 550 | K57: =IF(F57="","",(F57-1)/(G57+1)) -> 1.00625
A58: 2. Kiểm tra khả năng chịu tải của nền
A59: 2.1 Kiểm tra khả năng chịu tải của đất nền dưới đáy móng | N59: Bảng hệ số m1 và m2 | O59: hệ số m2
B60: φ = | C60: =IF(D54>K14,H56,H54) -> 15 | D60: Bảng 14 - TCVN9362:2012 | M60: Loại đất | N60: hệ số m1 | O60: l/h>=4 | P60: l/h<=7.5
B61: A = | C61: =ROUND(0.25*3.1416/(1/TAN(RADIANS(C60))+RADIANS(C60)-3.1516/2),2) -> 0.32 | D61: B = | E61: =ROUND((1+3.1416/(1/TAN(RADIANS(C60))+RADIANS(C60)-3.1416/2)),2) -> 2.3 | F61: D = | G61: =ROUND(3.1416*1/TAN(RADIANS(C60))/(1/TAN(RADIANS(C60))+RADIANS(C60)-3.1416/2),2) -> 4.84 | M61: Đất hòn lớn có chất nhét là cát và đất cát không kể đất phấn và bụ | N61: 1.4 | O61: 1.2 | P61: 1.4
C62: Áp lực tiêu chuẩn của nền đất | D62: Rtc = m(A x b x γdm + B x hi x γi +C x D) | H62: m=m1.m2/ktc= | I62: =D63*F63/H63 -> 1.32 | M62: Cát mịn
B63: Trong đó : | C63: m1 = | D63: 1.1 | E63: m2 = | F63: 1.2 | G63: ktc = | H63: 1 | M63: Khô và ít ẩm | N63: 1.3 | O63: 1.1 | P63: 1.3
B64: Tải trọng | E64: Mxtc = Moxtc + Qoytc x H = | F64: =W50 -> 0.20745217 | G64: (T.m) | J64: Mytc = Moytc + Qoxtc x H = | K64: =Y50 -> 27.72835 | L64: (T.m) | M64: Cát bụi
B65: Trường hợp mực nước ngầm sát mặt đất | M65: Is<=0.5 | N65: 1.2 | O65: 1 | P65: 1.1
B66: Rtc = | C66: =(C61*K10*K55+E61*D54*K54+G61*I55)*I62 -> 7.2336 | D66: (T/m²) | E66: σmax = | F66: =F67+F64/K34+K64/K36 -> 4.8857387 | G66: (T/m²) < 1.2Rtc = | I66: =+C66*1.2 -> 8.68032 | J66: (T/m²) | V66: =IF(I66>F66,"Đạt", "Chưa đạt") -> Đạt
B67: No = | C67: =C39+K30*2.5+K42*K54+K46*K54 -> 118.59487 | D67: (T) | E67: σtb = | F67: =C67/K32 -> 3.9531623 | G67: (T/m²) < Rtc = | I67: =+C66 -> 7.2336 | J67: (T/m²) | M67: Is>0.5 | N67: 1.1 | O67: 1 | P67: 1 | V67: =IF(I67>F67,"Đạt", "Chưa đạt") -> Đạt
E68: σmin = | F68: =F67-F64/K34-K64/K36 -> 3.0205859 | G68: (T/m²) | H68: =+IF(F68>0,"> 0","@ 0") -> > 0 | V68: =IF(F68<-0.1,"Chưa đạt", "Đạt") -> Đạt
B69: Trường hợp mực nước ngầm sát mặt đáy móng
B70: Rtc = | C70: =(C61*K10*K55+E61*D54*E54+G61*I55)*I62 -> 12.03048 | D70: (T/m²) | E70: σmax = | F70: =F71+F64/K34+K64/K36 -> 5.7958787 | G70: (T/m²) < 1.2Rtc = | I70: =+C70*1.2 -> 14.436576 | J70: (T/m²) | V70: =IF(I70>F70,"Đạt", "Chưa đạt") -> Đạt
B71: No = | C71: =C39+K30*2.5+K42*1.55+K46*1.55 -> 145.89907 | D71: (T) | E71: σtb = | F71: =C71/K32 -> 4.8633023 | G71: (T/m²) < Rtc = | I71: =+C70 -> 12.03048 | J71: (T/m²) | V71: =IF(I71>F71,"Đạt", "Chưa đạt") -> Đạt
E72: σmin = | F72: =F71-F64/K34-K64/K36 -> 3.9307259 | G72: (T/m²) | H72: >0 | V72: =IF(F72<-0.1,"Chưa đạt", "Đạt") -> Đạt
A73: 2.2 Kiểm tra khả năng chịu tải của nền dưới đáy đệm cát
B74: φ = | C74: =H56 -> 17 | E74: bqu = | F74: =+K10+2*V74 -> 5.6 | G74: (m) | V74: =IF(D55>0.5,0.6,0.3) -> 0.3
B75: A = | C75: =ROUND(0.25*3.1416/(1/TAN(RADIANS(C74))+RADIANS(C74)-3.1516/2),2) -> 0.39 | E75: Lqu = | F75: =+K11+2*V74 -> 6.6 | G75: (m)
B76: B = | C76: =ROUND((1+3.1416/(1/TAN(RADIANS(C74))+RADIANS(C74)-3.1416/2)),2) -> 2.57 | E76: Hqu = | F76: =+D55+K14 -> 3 | G76: (m)
B77: D = | C77: =ROUND(3.1416*1/TAN(RADIANS(C74))/(1/TAN(RADIANS(C74))+RADIANS(C74)-3.1416/2),2) -> 5.15 | E77: Wxqu = | F77: =+(F75*F74^3-K21^4)/6/F74 -> 34.495759 | G77: (m³)
E78: Wyqu = | F78: =+(F74*F75^3-K21^4)/6/F75 -> 40.655795 | G78: (m³)
B79: Áp lực tiêu chuẩn của móng | D79: Rtc = m(A x bqu x γdm + B x hy x γi +C x D)
B80: Tải trọng | E80: Mxtc = Moxtc + Qoytc x H = | F80: =+F64+F40*D55 -> 0.98853913 | G80: (T.m) | J80: Mytc = Moytc + Qoxtc x H = | K80: =+K64+D55*C40 -> 28.830263 | L80: (T.m)
B81: Trường hợp mực nước ngầm sát mặt đất
B82: Rtc = | C82: =(+C75*F74*K56+C76*(D54*K54+D55*K55)+C77*I56)*I62 -> 47.256403 | D82: (T/m²) | E82: σmax = | F82: =+C83/(F74*F75-K21^2)+F80/F77+K80/F78 -> 3.8510845 | G82: (T/m²) | H82: < 1.2Rtc = | I82: =1.2*C82 -> 56.707684 | J82: (T/m²) | V82: =IF(I82>F82,"Đạt", "Chưa đạt") -> Đạt
B83: No = | C83: =+C39+K42*K54+K30*1.4+(F74*F75-K10*K11)*D54*K54+F75*F74*D55*K55+K46*K54 -> 114.78727 | D83: (T) | E83: σtb = | F83: =+(F84+F82)/2 -> 3.1132972 | G83: (T/m²) | H83: < Rtc = | I83: =+C82 -> 47.256403 | J83: (T/m²) | V83: =IF(I83>F83,"Đạt", "Chưa đạt") -> Đạt
E84: σmin = | F84: =+C83/(F74*F75-K21^2)-F80/F77-K80/F78 -> 2.37551 | G84: (T/m²) | H84: > 0 | V84: =IF(F84<-0.1,"Chưa đạt", "Đạt") -> Đạt
B87: Trường hợp mực nước ngầm sát mặt đáy móng
B88: Rtc = | C88: =(+C75*F74*K56+C76*(D54*E54+D55*E55)+C77*I56)*I62 -> 54.312595 | D88: (T/m²) | E88: σmax = | F88: =+C89/(F74*F75-K21^2)+F80/F77+K80/F78 -> 5.4869999 | G88: (T/m²) | H88: < 1.2Rtc = | I88: =1.2*C88 -> 65.175114 | J88: (T/m²) | V88: =IF(I88>F88,"Đạt", "Chưa đạt") -> Đạt
B89: No = | C89: =+C39+K42*1.55+K30*2.4+(F74*F75-K10*K11)*D54*1.55+F75*F74*D55*K55+K46*1.55 -> 175.10347 | D89: (T) | E89: σtb = | F89: =+(F88+F90)/2 -> 4.7492126 | G89: (T/m²) | H89: < Rtc = | I89: =+C88 -> 54.312595 | J89: (T/m²) | V89: =IF(I89>F89,"Đạt", "Chưa đạt") -> Đạt
E90: σmin = | F90: =+C89/(F74*F75-K21^2)-F80/F77-K80/F78 -> 4.0114253 | G90: (T/m²) | H90: > 0 | V90: =IF(F90<-0.1,"Chưa đạt", "Đạt") -> Đạt
B96: Vậy kích thước móng chọn thoả mãn theo khả năng chịu tải đất nền
A97: 3. Kiểm tra nền móng theo trạng thái giới hạn 2
B98: Độ lún của móng được tính theo phương pháp cộng lún từng lớp
B99: Ứng suất gây lún (mực nước ngầm sát mặt đất) | G99: σo =σtb-γ x h = | H99: =F67-K14*K54 -> 1.4531623 | I99: (T/m²)
B100: Ứng suất gây lún (mực nước ngầm sát mặt đáy móng) | G100: σo =σtb-γ x h = | H100: =F71-E54*K14 -> 0.38830232 | I100: (T/m²)
B101: Chọn trường hợp tính lún | G101: σo = | H101: =+MAX(H99,H100) -> 1.4531623 | I101: (T/m²) | K101: Hệ số nở hông | L101: β = 0.8
B102: Chiều sâu hết ảnh hưởng lún khi σi ≤ 0.2 Σ γi x hi
B103: STT | C103: z (m) | D103: 2z/b | E103: K | F103: Ei (T/m2) | G103: σi = Kxσo (T/m²) | H103: ∑ γi x hi (T/m²) | I103: si (mm) | J103: Điều kiện
B104: 1 | C104: =+$K$10/2*D104 -> 0 | D104: 0 | E104: =+VLOOKUP(D104,Tra!$C$19:$J$115,5,0) -> 1 | F104: =IF(D55=0,J54,J55) -> 1100 | G104: =H101*E104 -> 1.4531623 | H104: =$K$14*$K$54+$K$56*C104 -> 2.5 | I104: =IF(G104>0.1*H104,0.8*C104*(G104+G105)/2/F104*1000,"-") -> 0 | J104: =IF(H104/G104>$I$126,"STOP","CONT") -> CONT | M104: =+H104/G104 -> 1.7203859 | P104: =SUMIF($J$104:$J$118,"CONT",$I$104:$I$118) -> 4.1437584 | Q104: =SUMIF($J$104:$J$118,"CONT",$D$104:$D$118) -> 5.5
B105: =+B104+1 -> 2 | C105: =+$K$10/2*D105 -> 0.25 | D105: =+ROUND(D104+0.1,2) -> 0.1 | E105: =+VLOOKUP(D105,Tra!$C$19:$J$115,5,0) -> 0.992 | F105: =IF(C105<=$D$55,$J$55,IF(AND($D$55<C105,C105<=($D$56+$D$55)),$J$56,$J$57)) -> 1100 | G105: =$H$101*E105 -> 1.441537 | H105: =$K$14*$K$54+$K$56*C105 -> 2.7453704 | I105: =0.8*$C$105*(G105+G106)/2/F105*1000 -> 0.26104079 | J105: =IF(H105/G105>$I$126,"STOP","CONT") -> CONT | M105: =+H105/G105 -> 1.9044744 | N105: =+IF(H105/G105<=$I$126,"X","") -> X | O105: 1
B106: =+B105+1 -> 3 | C106: =+$K$10/2*D106 -> 0.5 | D106: =+ROUND(D105+0.1,2) -> 0.2 | E106: =+VLOOKUP(D106,Tra!$C$19:$J$115,5,0) -> 0.984 | F106: =IF(C106<=$D$55,$J$55,IF(AND($D$55<C106,C106<=($D$56+$D$55)),$J$56,$J$57)) -> 1100 | G106: =$H$101*E106 -> 1.4299117 | H106: =$K$14*$K$54+$K$56*C106 -> 2.9907407 | I106: =0.8*$C$105*(G106+G107)/2/F106*1000 -> 0.2589271 | J106: =IF(H106/G106>$I$126,"STOP","CONT") -> CONT | M106: =+H106/G106 -> 2.0915562 | N106: =+IF(H106/G106<=$I$126,"X","") -> X | O106: 1
B107: =+B106+1 -> 4 | C107: =+$K$10/2*D107 -> 0.75 | D107: =+ROUND(D106+0.1,2) -> 0.3 | E107: =+VLOOKUP(D107,Tra!$C$19:$J$115,5,0) -> 0.976 | F107: =IF(C107<=$D$55,$J$55,IF(AND($D$55<C107,C107<=($D$56+$D$55)),$J$56,$J$57)) -> 550 | G107: =$H$101*E107 -> 1.4182864 | H107: =$K$14*$K$54+$K$56*C107 -> 3.2361111 | I107: =0.8*$C$105*(G107+G108)/2/F107*1000 -> 0.51362683 | J107: =IF(H107/G107>$I$126,"STOP","CONT") -> CONT | M107: =+H107/G107 -> 2.2817049 | N107: =+IF(H107/G107<=$I$126,"X","") -> X | O107: 1 | V107: Ko xóa | W107: =COUNTIF(J104:J118,"CONT") -> 11
B108: =+B107+1 -> 5 | C108: =+$K$10/2*D108 -> 1 | D108: =+ROUND(D107+0.1,2) -> 0.4 | E108: =+VLOOKUP(D108,Tra!$C$19:$J$115,5,0) -> 0.968 | F108: =IF(C108<=$D$55,$J$55,IF(AND($D$55<C108,C108<=($D$56+$D$55)),$J$56,$J$57)) -> 550 | G108: =$H$101*E108 -> 1.4066611 | H108: =$K$14*$K$54+$K$56*C108 -> 3.4814815 | I108: =0.8*$C$105*(G108+G109)/2/F108*1000 -> 0.50239785 | J108: =IF(H108/G108>$I$126,"STOP","CONT") -> CONT | M108: =+H108/G108 -> 2.4749966 | N108: =+IF(H108/G108<=$I$126,"X","") -> X | O108: 1
...

Sheet N411-20
A1: CÔNG TRÌNH | C1: NHÀ MÁY ĐIỆN GIÓ | N1: =J3 -> MB 2.6-5x6
A2: HẠNG MỤC | C2: ĐƯỜNG DÂY 22kV | M2: MÃ DỰ ÁN: | N2: 18105TBH.T.I3.C2.2. | P2: Luôn kiểm tra mã dự án
A3: Cột | C3: =O6 -> D411-25 | I3: Loại móng: | J3: =+"MB "&K7&"-"&K10&"x"&K11 -> MB 2.6-5x6 | M3: GIAI ĐOẠN TK | N3: TKBVTC | O3: Chú ý chọn giai đoạn TK vì liên quan đến khối lượng
E4: KIỂM TRA KẾT CẤU MÓNG | N4: Copy giá trị nội lực
J6: Kích thước chân cột | N6: LOẠI CỘT | O6: D411-25 | P6: TỔ HỢP LỰC TÍNH TOÁN (ĐƠN VỊ: T-Tm)
J7: L1 = | K7: =O7/1000 -> 2.6 | L7: (m) | N7: 2600 | O7: =N7 -> 2600 | P7: Qx (T) | Q7: Qy (T) | R7: N (T) | S7: Mx (T.m) | T7: My (T.m) | U7: Mz (T.m)
J8: L2 = | K8: =+K7 -> 2.6 | L8: (m) | M8: =4.8*5.4*0.1 -> 2.592 | N8: Từng chân | O8: Lực nhổ max | P8: -1.6875 | Q8: -1.4111 | R8: 17.9143 | S8: -0.0685 | T8: 0.0464 | U8: 0.0014
J9: Chọn kích thước móng | O9: Lực nén máx | P9: -1.8271 | Q9: -1.8968 | R9: -20.9922 | S9: -0.0597 | T9: 0.0767 | U9: 0.001
J10: B = | K10: 5 | L10: (m) | M10: B: Chiều rộng móng | N10: Cả cột | O10: 90o max | P10: -2.5344 | Q10: -1.7965 | R10: 6.395 | S10: 26.65408 | T10: 47.4663 | U10: 0.293136
J11: L = | K11: 6 | L11: (m) | M11: L:Chiều dài móng | O11: 45o max | P11: -2.4744 | Q11: -2.9365 | R11: 6.1551 | S11: 55.32799 | T11: 45.79901 | U11: 0.407518
J12: L/B = | K12: =+ROUND(K11/K10,2) -> 1.2 | O12: Sự cố max | P12: -2.4744 | Q12: -2.9365 | R12: 6.1551 | S12: 55.32799 | T12: 45.79901 | U12: 0.407518
J13: Chiều sâu chôn móng | O13: TXTC | P13: -1.15 | Q13: 0 | R13: 5.6477 | S13: -0.23857 | T13: 27.86171 | U13: 0.073859
J14: H1 = | K14: 2.5 | L14: (m)
J15: Chiều cao móng trên mặt đất | N15: Modun đàn hồi của bê tông Eb (10^3 Mpa) | R15: 1Mpa =100T/m2
J16: H2 = | K16: 1 | L16: (m) | N16: B12.5 | O16: B15 | P16: B20 | Q16: B25 | R16: B30 | S16: B35 | T16: B40
G17: =G26 -> 1.2 | J17: Chiều cao móng | N17: 21 | O17: 23 | P17: 27 | Q17: 30 | R17: 32.5 | S17: 34.5 | T17: 36
J18: H = | K18: =K14+K16 -> 3.5 | L18: (m) | M18: T/m2 | N18: =N17*100*1000 -> 2100000 | O18: =O17*100*1000 -> 2300000 | P18: =P17*100*1000 -> 2700000 | Q18: =Q17*100*1000 -> 3000000 | R18: =R17*100*1000 -> 3250000 | S18: =S17*100*1000 -> 3450000 | T18: =T17*100*1000 -> 3600000
J19: Bản móng
G20: =K8 -> 2.6 | J20: hb = | K20: 0.5 | L20: (m) | M20: Dầm móng
J21: hv = | K21: 0.3 | L21: (m) | M21: a = | N21: =K23 -> 1 | O21: (m)
J22: Cổ móng | M22: h = | N22: =K20 -> 0.5 | O22: (m) | P22: 28 | Q22: =+P22/1000 -> 0.028 | R22: =3.14*Q22^2/4*7850 -> 4.831204 | S22: =3.14*Q22^2/4*10000 -> 6.1544
J23: b = | K23: 1 | L23: (m) | M23: e = | N23: =K23/2 -> 0.5 | O23: (m) | P23: 25 | Q23: =+P23/1000 -> 0.025 | R23: =3.14*Q23^2/4*7850 -> 3.8514063 | S23: =3.14*Q23^2/4*10000 -> 4.90625
J24: Các kích thước khác | P24: 22 | Q24: =+P24/1000 -> 0.022 | R24: =3.14*Q24^2/4*7850 -> 2.982529 | S24: =3.14*Q24^2/4*10000 -> 3.7994
J25: la1 = | K25: =K7-K23 -> 1.6 | L25: (m) | O25: ` | P25: 20 | Q25: =+P25/1000 -> 0.02 | R25: =3.14*Q25^2/4*7850 -> 2.4649 | S25: =3.14*Q25^2/4*10000 -> 3.14
G26: =(K10-K7)/2 -> 1.2 | J26: la2 = | K26: =(K10-K7-K23)/2 -> 0.7 | L26: (m) | P26: 18 | Q26: =+P26/1000 -> 0.018 | R26: =3.14*Q26^2/4*7850 -> 1.996569 | S26: =3.14*Q26^2/4*10000 -> 2.5434
J27: lb1 = | K27: =K8-K23 -> 1.6 | L27: (m) | P27: 16 | Q27: =+P27/1000 -> 0.016 | R27: =3.14*Q27^2/4*7850 -> 1.577536 | S27: =3.14*Q27^2/4*10000 -> 2.0096
C28: =F28 -> 1.7 | E28: =K7 -> 2.6 | F28: =(K11-K8)/2 -> 1.7 | J28: lb2 = | K28: =(K11-K8-K23)/2 -> 1.2 | L28: (m) | P28: 14 | Q28: =+P28/1000 -> 0.014 | R28: =3.14*Q28^2/4*7850 -> 1.207801 | S28: =3.14*Q28^2/4*10000 -> 1.5386
A29: 1.Tổ hợp lực chân cột truyền xuống móng | J29: Thể tích bê tông móng | P29: 12 | Q29: =+P29/1000 -> 0.012 | R29: =3.14*Q29^2/4*7850 -> 0.887364 | S29: =3.14*Q29^2/4*10000 -> 1.1304
A30: Bảng tổng hợp nội lực | J30: V = | K30: =K10*K11*K21+(((K10*K11)+(K7+K23+0.2)^2+(K10+K7+K23+0.2)*(K11+K8+K23+0.2))*(K20-K21)/6)+K23*K23*(K18-K20)*4 -> 25.356 | L30: (m³) | P30: 10 | Q30: =+P30/1000 -> 0.01 | R30: =3.14*Q30^2/4*7850 -> 0.616225 | S30: =3.14*Q30^2/4*10000 -> 0.785
A31: Trường hợp | C31: Qx(T) | D31: Qy(T) | E31: N(T) | F31: Mx(T.m) | G31: My(T.m) | H31: Mz(T.m) | J31: Diện tích đáy móng | P31: 8 | Q31: =+P31/1000 -> 0.008 | R31: =3.14*Q31^2/4*7850 -> 0.394384 | S31: =3.14*Q31^2/4*10000 -> 0.5024
A32: Lực nhổ max | C32: =P8 -> -1.6875 | D32: =Q8 -> -1.4111 | E32: =R8 -> 17.9143 | F32: =S8 -> -0.0685 | G32: =T8 -> 0.0464 | H32: =U8 -> 0.0014 | J32: F = | K32: =K10*K11 -> 30 | L32: (m²) | P32: 6 | Q32: =+P32/1000 -> 0.006 | R32: =3.14*Q32^2/4*7850 -> 0.221841 | S32: =3.14*Q32^2/4*10000 -> 0.2826
A33: Lực nén max | C33: =P9 -> -1.8271 | D33: =Q9 -> -1.8968 | E33: =R9 -> -20.9922 | F33: =S9 -> -0.0597 | G33: =T9 -> 0.0767 | H33: =U9 -> 0.001 | L33: Mômen kháng đáy móng theo phương X
A34: Tải trọng quy tâm | B34: 90 độ max | C34: =P10 -> -2.5344 | D34: =Q10 -> -1.7965 | E34: =R10 -> 6.395 | F34: =S10 -> 26.65408 | G34: =T10 -> 47.4663 | H34: =U10 -> 0.293136 | J34: Wx = | K34: =(K11*K10^3)/6/K10 -> 25 | L34: (m³)
B35: 45 độ max | C35: =P11 -> -2.4744 | D35: =Q11 -> -2.9365 | E35: =R11 -> 6.1551 | F35: =S11 -> 55.32799 | G35: =T11 -> 45.79901 | H35: =U11 -> 0.407518 | L35: Mômen kháng đáy móng theo phương Y
B36: Sự cố max | C36: =P12 -> -2.4744 | D36: =Q12 -> -2.9365 | E36: =R12 -> 6.1551 | F36: =S12 -> 55.32799 | G36: =T12 -> 45.79901 | H36: =U12 -> 0.407518 | J36: Wy = | K36: =+(K10*K11^3)/12/K11*2 -> 30 | L36: (m³)
B37: TXTC | C37: =P13 -> -1.15 | D37: =Q13 -> 0 | E37: =R13 -> 5.6477 | F37: =S13 -> -0.23857 | G37: =T13 -> 27.86171 | H37: =U13 -> 0.073859
A39: Giá trị tính toán
A40: Gió 900 max | B40: Ntt = | C40: =E34 -> 6.395 | D40: (T)
B41: Qttx = | C41: =ABS(C34) -> 2.5344 | D41: (T) | E41: Qtcy = | F41: =ABS(D34) -> 1.7965 | G41: (T) | J41: Thể tích đất lấp móng
B42: Mtty = | C42: =ABS(G34) -> 47.4663 | D42: (T.m) | E42: Mtcx = | F42: =ABS(F34) -> 26.65408 | G42: (T.m) | J42: V1 = | K42: =K10*K11*K14-K30 -> 49.644 | L42: (m³)
B43: Ntt.nén = | C43: =ABS(E33) -> 20.9922 | D43: (T) | E43: Qtn = | F43: =SQRT(C33^2+D33^2) -> 2.6336561 | G43: (T) | J43: Đấp móng
B44: Ntt.nh = | C44: =ABS(E32) -> 17.9143 | D44: (T) | E44: Qtnh= | F44: =SQRT(C32^2+D32^2) -> 2.1997408 | G44: (T) | J44: hđđ = | K44: 0 | L44: (m) | M44: Momen theo 3 TH
A45: Gió 450 max | B45: Ntt = | C45: =ABS(E35) -> 6.1551 | D45: (T) | J45: Thể tích đất đối trọng | M45: T.hợp/Moment | N45: Mx | O45: My | P45: Mmax
B46: Qttx = | C46: =ABS(C35) -> 2.4744 | D46: (T) | E46: Qtcy = | F46: =ABS(D35) -> 2.9365 | G46: (T) | J46: Vđđ = | K46: =K44*K10*K11 -> 0 | L46: (m³) | M46: 90 max | N46: =F42+F41*$K$18 -> 32.94183 | O46: =C42+C41*$K$18 -> 56.3367 | P46: =SQRT(N46^2+O46^2) -> 65.260922
B47: Mtty = | C47: =ABS(G35) -> 45.79901 | D47: (T.m) | E47: Mtcx = | F47: =ABS(F35) -> 55.32799 | G47: (T.m) | J47: Mdd = | K47: =K46*1.55*K11/4 -> 0 | L47: (T.m) | M47: 45 max | N47: =F47+F46*$K$18 -> 65.60574 | O47: =C47+C46*$K$18 -> 54.45941 | P47: =SQRT(N47^2+O47^2) -> 85.263946
A48: Sự cố max | B48: Ntt = | C48: =ABS(E36) -> 6.1551 | D48: (T) | I48: Chiều đối trọng | K48: 0 | L48: (m) | M48: Sự cố | N48: =F50+F49*$K$18 -> 65.60574 | O48: =C50+C49*$K$18 -> 54.45941 | P48: =SQRT(N48^2+O48^2) -> 85.263946
B49: Qttx = | C49: =ABS(C36) -> 2.4744 | D49: (T) | E49: Qtty = | F49: =ABS(D36) -> 2.9365 | G49: (T) | I49: Bêtông đối trọng | K49: =K48*K10*K11/2 -> 0 | L49: (m³)
B50: Mtty = | C50: =ABS(G36) -> 45.79901 | D50: (T.m) | E50: Mtty = | F50: =ABS(F36) -> 55.32799 | G50: (T.m) | I50: Mômen đối trọng | K50: =K49*(1.5)*K10/4 -> 0 | L50: (T.m)
A51: Độ cứng của móng đối với cạnh ngắn của bản | I51: Độ cứng của móng đối với cạnh dài của bản | O51: Edtc = 3*Eo = | V51: Nếu cột đỡ thì nhân hệ số 0,2 cột néo nhân hệ số 0,5
A52: Điều kiện : | V52: giá trị tính toán thường xuyên TC khi nhân hs | Y52: =Y50*0.5 -> 0
A53: Trong đó : | B53: b= | C53: =MIN(K10:K11) -> 5 | D53: (m) | E53: h1= | F53: =K20 -> 0.5 | G53: (m) | H53: a = | I53: =MAX(K10:K11) -> 6 | J53: (m)
B54: b2= | C54: =K28 -> 1.2 | D54: (m) | E54: h=h1+h2+h3= | F54: =K20 -> 0.5 | G54: (m) | H54: a2= | I54: =K26 -> 0.7 | J54: (m)
A55: c = | B55: =K23 -> 1 | C55: (m) | D55: Eb = | E55: =O60 -> 2750000 | F55: (T/m2); Edtc = 3*Eo = | H55: =ROUND(3*'TBA-1'!J54,2) -> 1650 | I55: (T/m2) | J55: c1= | K55: =K23/2 -> 0.5 | L55: (m) | N55: Hệ số: chỉ dùng khi là móng trong trạm(4-5)
B56: Vế trái = | C56: =C53-2*(C54+B55/2) -> 1.6 | D56: < | E56: Vế phải = | F56: =ROUND(0.9*F53*(E55/H55)^(1/3),2)*N56 -> 5.34 | H56: Vế trái = | I56: =I53-2*(I54+B55/2+K55) -> 2.6 | J56: < | K56: Vế phải = | L56: =ROUND(0.8*F54*(E55/H55)^(1/3),2)*N56 -> 4.74 | M56: =IF(F56>C56&L56>I56,"OK","ChưaOK") -> OK | N56: =IF(H55/3>2100,3.6,1) -> 1
A57: 2. Tính toán kết cấu móng
B58: Bêtông đúc móng | D58: =VLOOKUP(E58,'Bảng tra'!$B$3:$C$13,2,0)&" - Mác" -> B20 - Mác | E58: M250 | I58: Cốt thép móng | J58: CB400-V | N58: Theo cạnh ngắn
C59: Cường độ tính toán chịu nén | D59: Rn (Rb) = | E59: =VLOOKUP(E58,'Bảng tra'!$B$3:$F$13,3,0)*100 -> 1150 | F59: (T/m²) | J59: Cường độ tính toán Ra = | K59: =VLOOKUP(J58,'Bảng tra'!I3:M6,2,0)*100 -> 35000 | L59: (T/m²) | N59: b-2(b2+c/2) | O59: =K10-2*(K28+N21/2+N21) -> -0.4
C60: Cường độ tính toán chịu kéo | D60: Rk (Rbt) = | E60: =VLOOKUP(E58,'Bảng tra'!B3:F13,4,0)*100 -> 90 | F60: (T/m²) | N60: Eb | O60: =VLOOKUP(M61,'Bảng tra'!B3:F13,5,0)*100 -> 2750000
B61: Mômen gây ra do ngoại tải tại đáy móng | F61: Gió 900 max | H61: Sự cố max | J61: Gió 450 max | M61: =LEFT(E58,4) -> M250 | N61: Etc =3.Eo | O61: =3*#REF! -> #REF!
B62: Σ M = Mtt+QnH | D62: Σ M | E62: = | F62: =P46 -> 65.260922 | G62: (T.m) | H62: =P48 -> 85.263946 | I62: (T.m) | J62: =P47 -> 85.263946 | K62: (T.m)
D63: Ptb | E63: = | F63: =C40/K32 -> 0.21316667 | G63: (T/m²) | H63: =C45/K32 -> 0.20517 | I63: (T/m²) | J63: =C48/K32 -> 0.20517 | K63: (T/m²)
D64: Pmax | E64: = | F64: =F63+F62/K34 -> 2.8236035 | G64: (T/m²) | H64: =H63+H62/K34 -> 3.6157278 | I64: (T/m²) | J64: =J63+J62/K34 -> 3.6157278 | K64: (T/m²)
D65: Pmin | E65: = | F65: =F63-F62/K34 -> -2.3972702 | G65: (T/m²) | H65: =H63-H62/K34 -> -3.2053878 | I65: (T/m²) | J65: =J63-J62/K34 -> -3.2053878 | K65: (T/m²)
B66: Xác định vị trí ngoại lực gây ra ứng suất nền bằng 0
D67: x= PmaxL/(Pmax+Pmin) | E67: = | F67: =(F64*K11)/(F64-F65) -> 3.2449782 | G67: m | H67: =(H64*K11)/(H64-H65) -> 3.1804719 | I67: m | J67: =(J64*K11)/(J64-J65) -> 3.1804719 | K67: m
B68: Xác định các ứng suất cần thiết tại các điểm để tính móng
D69: P1 | E69: = | F69: =(F64*(F67-$F$25)/F67) -> 2.8236035 | G69: (T/m²) | H69: =(H64*(H67-$F$25)/H67) -> 3.6157278 | I69: (T/m²) | J69: =(J64*(J67-$F$25)/J67) -> 3.6157278 | K69: (T/m²)
D70: P2 | E70: = | F70: =(F64*(F67-$K$28-$K$23)/F67) -> 0.90928317 | G70: (T/m²) | H70: =(H64*(H67-$K$28-$K$23)/H67) -> 1.1146521 | I70: (T/m²) | J70: =(J64*(J67-$K$28-$K$23)/J67) -> 1.1146521 | K70: (T/m²)
D71: P3 | E71: = | F71: =-(F65*($K$11-F67-$K$28)/($K$11-F67)) -> 1.3530955 | G71: (T/m²) | H71: =-(H65*($K$11-H67-$K$28)/($K$11-H67)) -> 1.8411647 | I71: (T/m²) | J71: =-(J65*($K$11-J67-$K$28)/($K$11-J67)) -> 1.8411647 | K71: (T/m²)
D72: P4 | E72: = | F72: =F65*(F67-$K$11+K28+$K$23)/($K$11-F67) -> 0.48294983 | G72: (T/m²) | H72: =H65*(H67-$K$11+K28+$K$23)/($K$11-H67) -> 0.70431209 | I72: (T/m²) | J72: =J65*(J67-$K$11+K28+$K$23)/($K$11-J67) -> 0.70431209 | K72: (T/m²)
D73: Px | E73: = | F73: =F64*(F67-$K$11/2)/F67 -> 0.21316667 | G73: (T/m²) | H73: =H64*(H67-$K$11/2)/H67 -> 0.20517 | I73: (T/m²) | J73: =J64*(J67-$K$11/2)/J67 -> 0.20517 | K73: (T/m²)
D74: P5 | E74: = | F74: =F64*(F67-$K$28*2-$N$21)/F67 -> -0.13489158 | G74: (T/m²) | H74: =H64*(H67-$K$28*2-$N$21)/H67 -> -0.24957104 | I74: (T/m²) | J74: =J64*(J67-$K$28*2-$N$21)/J67 -> -0.24957104 | K74: (T/m²)
D75: P6 | E75: = | F75: =F64*(F67-$K$11/2+$K$21/2)/F67 -> 0.34368851 | G75: (T/m²) | H75: =H64*(H67-$K$11/2+$K$21/2)/H67 -> 0.37569789 | I75: (T/m²) | J75: =J64*(J67-$K$11/2+$K$21/2)/J67 -> 0.37569789 | K75: (T/m²)
D76: P7 | E76: = | F76: =(F64*(F67-($K$11-$K$10)/2)/F67) -> 2.3885307 | G76: (T/m²) | H76: =(H64*(H67-($K$11-$K$10)/2)/H67) -> 3.0473015 | I76: (T/m²) | J76: =(J64*(J67-($K$11-$K$10)/2)/J67) -> 3.0473015 | K76: (T/m²)
A78: Pmin | E78: Px | F78: P2 | H78: P1
B80: P3 | C80: P4 | D80: x-L/2 | E80: Px | J80: Pmax
G81: x
E83: L
A84: 2.1. Tính toán cốt thép bản móng
B85: Có 03 loại bản móng : bản ngàm 2 cạnh , bản ngàm 3 cạnh và 4 cạnh
B86: - Ô bản 1 : Loại ô bản ngàm 02 cạnh
B87: - Ô bản 2 : Loại ô bản ngàm 03 cạnh
B88: - Ô bản 3 : Loại ô bản ngàm 04 cạnh
A89: a. Tính theo bản conson theo 2 phương | E89: L1 = | F89: =K28+K23/2 -> 1.7 | G89: (m) | H89: L2 = | I89: =K26+K23/2 -> 1.2 | J89: (m)
B90: Áp lực phân bố theo 2 phương, cắt ô bản 1m dài để tính
B91: Ứng suất trung bình | E91: Ptb1 = | F91: =MAX(F64,H64,J64)/(1+F89^4/(I89^4)) -> 0.71914339 | G91: (T/m²/mdài) | N91: =+F64/(1+I89^4/F89^4) -> 2.2620082
B92: Mômen tại gối | C92: M = Ptbl²/2 | E92: Ptb2 = | F92: =+MAX(F64,H64,J64)-F91 -> 2.8965844 | G92: (T/m²/mdài) | N92: =+F64-N91 -> 0.56159532
B93: M1= | C93: =F91*F89^2/2 -> 1.0391622 | D93: (T.m) | E93: hbản= | F93: =K20 -> 0.5 | G93: (m)
B94: M2= | C94: =F92*I89^2/2 -> 2.0855408 | D94: (T.m) | E94: a = a' = | F94: 0.05 | G94: (m)
E95: ==>ho= | F95: =+F93-F94 -> 0.45 | G95: (m)
B96: Mômen lớn nhất M = | D96: =MAX(C93:C94) -> 2.0855408 | E96: (T.m/m) | F96: A = | G96: =D96/($E$59*$F$95^2) -> 0.0089556234 | H96: < A0=0.428 | I96: ==> γ = | J96: =0.5*(1+SQRT(1-2*G96)) -> 0.99550196
B97: Tính toán cốt thép | D97: Ftt= | E97: =+D96/($K$59*J96*$F$95)*10^4 -> 1.3301359 | F97: cm²
A98: Đặt thép Ø(mm) | C98: 12 | D98: @(cm) | E98: =E127 -> 20 | F98: ==> Fchọn= | G98: =INT(100/E98)*3.14*((C98/1000)^2)/4*10^4 -> 5.652 | H98: (cm²/m dài) | M98: =IF(G98<E97,"NO","OK") -> OK
A99: 2./Bản kê 3 cạnh có kích thước
B100: L1 = | C100: =K7 -> 2.6 | D100: (m) | E100: L2 = | F100: =K28+K23/2 -> 1.7 | G100: (m) | H100: Tỉ lệ 2 cạnh L1/L2 = | J100: =+C100/F100 -> 1.5294118 | K100: =IF(J100<2,"< 2 Tính theo bản ngàm 3 cạnh/",">= 2 Tính theo bản console") -> < 2 Tính theo bản ngàm 3 cạnh/
A101: a/ Tính theo bản ngàm 3 cạnh
B102: Các hệ số: | C102: k1 = | D102: =+IF(J100<=1.5,IF(J100<=1.4,IF(J100<=1.3,IF(J100<=1.2,IF(J100<=1.1,Tra!O$5+(J100-Tra!$L$5)*Tra!S$5,Tra!O$6+(J100-Tra!$L$6)*Tra!S$6),Tra!O$7+(J100-Tra!$L$7)*Tra!S$7),Tra!O$8+(J100-Tra!$L$8)*Tra!S$8),Tra!O$9+(J100-Tra!$L$9)*Tra!S$9),Tra!O$10) -> 0.0821 | E102: m1 = | F102: =+IF(J100<=1.5,IF(J100<=1.4,IF(J100<=1.3,IF(J100<=1.2,IF(J100<=1.1,Tra!M$5+(J100-Tra!$L$5)*Tra!Q$5,Tra!M$6+(J100-Tra!$L$6)*Tra!Q$6),Tra!M$7+(J100-Tra!$L$7)*Tra!Q$7),Tra!M$8+(J100-Tra!$L$8)*Tra!Q$8),Tra!M$9+(J100-Tra!$L$9)*Tra!Q$9),Tra!M$10) -> 0.0095
C103: k2 = | D103: =+IF(J100<=1.5,IF(J100<=1.4,IF(J100<=1.3,IF(J100<=1.2,IF(J100<=1.1,Tra!P$5+(J100-Tra!$L$5)*Tra!T$5,Tra!P$6+(J100-Tra!$L$6)*Tra!T$6),Tra!P$7+(J100-Tra!$L$7)*Tra!T$7),Tra!P$8+(J100-Tra!$L$8)*Tra!T$8),Tra!P$9+(J100-Tra!$L$9)*Tra!T$9),Tra!P$10) -> 0.1155 | E103: m2 = | F103: =+IF(J100<=1.5,IF(J100<=1.4,IF(J100<=1.3,IF(J100<=1.2,IF(J100<=1.1,Tra!N$5+(J100-Tra!$L$5)*Tra!R$5,Tra!N$6+(J100-Tra!$L$6)*Tra!R$6),Tra!N$7+(J100-Tra!$L$7)*Tra!R$7),Tra!N$8+(J100-Tra!$L$8)*Tra!R$8),Tra!N$9+(J100-Tra!$L$9)*Tra!R$9),Tra!N$10) -> 0.0556 | J103: =C100 -> 2.6
B104: Ứng suất trung bình để tính | E104: Ptb = | F104: =+MAX(F64,H64,J64) -> 3.6157278 | G104: (T/m²)
B105: M1= | C105: =+IF(J100<2,D102*F104*C100*F100*1,0) -> 1.3120825 | D105: (T.m/m) | E105: MI= | F105: =+IF(J100<2,F102*F104*C100*F100*1,0) -> 0.15182441 | G105: (T.m/m) | I105: =F100 -> 1.7
...

Sheet ChiTiet
B2: =+"BẢNG KÊ THÉP MÓNG MB"&Tra!C121&"-"&Tra!C122&"x"&Tra!E122 -> #REF!
B3: SỐ HIỆU | C3: HÌNH DÁNH THANH | K3: Ø (mm) | M3: CHIỀU DÀI 01 THANH (mm) | N3: SỐ LƯỢNG | O3: CHIỀU DÀI TỔNG CỘNG (m) | P3: TỔNG HỢP KHỐI LƯỢNG THÉP CHO 01 MÓNG
P4: Ø (mm) | R4: CHIỀU DÀI (m) | S4: KHỐI LƯỢNG (kg) | T4: KHỐI LƯỢNG TỔNG CỘNG (kg)
B5: =+Tra!I143 -> 1 | K5: =+Tra!J143 -> #REF! | L5: =+IF(K5>=12,"AIII","AI") -> #REF! | M5: =+D6+C6 -> #REF! | N5: =+Tra!L143 -> #REF! | O5: =+N5*M5/1000 -> #REF! | P5: 25 | Q5: =+IF(P5>=12,"AIII","AI") -> AIII | R5: =+SUMIF($K$5:$K$66,P5,$O$5:$O$66) -> 0 | S5: =+ROUND(ROUND(P5^2*3.14/4/1000000*7850,3)*R5,2) -> 0 | T5: =+SUM(S5:S17) -> #REF!
C6: 250 | D6: =+Tra!K143*1000-C6 -> #REF!
B8: =+Tra!I144 -> 2 | D8: =+Tra!K144*1000 -> #REF! | K8: =+Tra!J144 -> #REF! | L8: =+IF(K8>=12,"AIII","AI") -> #REF! | M8: =+D8 -> #REF! | N8: =+Tra!L144 -> #REF! | O8: =+N8*M8/1000 -> #REF! | P8: 16 | Q8: =+IF(P8>=12,"AIII","AI") -> AIII | R8: =+SUMIF($K$5:$K$66,P8,$O$5:$O$66) -> 0 | S8: =+ROUND(ROUND(P8^2*3.14/4/1000000*7850,3)*R8,2) -> 0
B10: =+Tra!I145 -> 2a | D10: =+Tra!K145*1000 -> #REF! | K10: =+Tra!J145 -> #REF! | L10: =+IF(K10>=12,"AIII","AI") -> #REF! | M10: =+D10 -> #REF! | N10: =+Tra!L145 -> 0 | O10: =+N10*M10/1000 -> #REF! | P10: 14 | Q10: =+IF(P10>=12,"AIII","AI") -> AIII | R10: =+SUMIF($K$5:$K$66,P10,$O$5:$O$66) -> 0 | S10: =+ROUND(ROUND(P10^2*3.14/4/1000000*7850,3)*R10,2) -> 0
B12: =+Tra!I146 -> #REF! | D12: =+Tra!K146*1000 -> #REF! | K12: =+Tra!J146 -> #REF! | L12: =+IF(K12>=12,"AIII","AI") -> #REF! | M12: =+D12 -> #REF! | N12: =+Tra!L146 -> #REF! | O12: =+N12*M12/1000 -> #REF! | P12: 12 | Q12: =+IF(P12>=12,"AIII","AI") -> AIII | R12: =+SUMIF($K$5:$K$66,P12,$O$5:$O$66) -> 0 | S12: =+ROUND(ROUND(P12^2*3.14/4/1000000*7850,3)*R12,2) -> 0
B14: =+Tra!I147 -> 3a | D14: =+Tra!K147*1000 -> #REF! | K14: =+Tra!J147 -> #REF! | L14: =+IF(K14>=12,"AIII","AI") -> #REF! | M14: =+D14 -> #REF! | N14: =+Tra!L147 -> 0 | O14: =+N14*M14/1000 -> #REF! | P14: 10 | Q14: =+IF(P14>=12,"AIII","AI") -> AI | R14: =+SUMIF($K$5:$K$66,P14,$O$5:$O$66) -> #REF! | S14: =+ROUND(ROUND(P14^2*3.14/4/1000000*7850,3)*R14,2) -> #REF!
B16: =+Tra!I148 -> 4 | D16: =+Tra!K148*1000 -> #REF! | K16: =+Tra!J148 -> #REF! | L16: =+IF(K16>=12,"AIII","AI") -> #REF! | M16: =+D16 -> #REF! | N16: =+Tra!L148 -> #REF! | O16: =+N16*M16/1000 -> #REF! | P16: 8 | Q16: =+IF(P16>=12,"AIII","AI") -> AI | R16: =+SUMIF($K$5:$K$66,P16,$O$5:$O$66) -> 0 | S16: =+ROUND(ROUND(P16^2*3.14/4/1000000*7850,3)*R16,2) -> 0
B18: =+Tra!I149 -> 4a | D18: =+Tra!K149*1000 -> #REF! | K18: =+Tra!J149 -> #REF! | L18: =+IF(K18>=12,"AIII","AI") -> #REF! | M18: =+D18 -> #REF! | N18: =+Tra!L149 -> #REF! | O18: =+N18*M18/1000 -> #REF!
B20: =+Tra!I150 -> 4b | D20: =+Tra!K150*1000 -> #REF! | K20: =+Tra!J150 -> #REF! | L20: =+IF(K20>=12,"AIII","AI") -> #REF! | M20: =+D20 -> #REF! | N20: =+Tra!L150 -> #REF! | O20: =+N20*M20/1000 -> #REF!
B22: =+Tra!I151 -> 4c | D22: =+Tra!K151*1000 -> #REF! | K22: =+Tra!J151 -> #REF! | L22: =+IF(K22>=12,"AIII","AI") -> #REF! | M22: =+D22 -> #REF! | N22: =+Tra!L151 -> #REF! | O22: =+N22*M22/1000 -> #REF!
B24: =+Tra!I152 -> 4d | D24: =+Tra!K152*1000 -> 0 | K24: =+Tra!J152 -> #REF! | L24: =+IF(K24>=12,"AIII","AI") -> #REF! | M24: =+D24 -> 0 | N24: =+Tra!L152 -> #REF! | O24: =+N24*M24/1000 -> #REF!
B26: =+Tra!I153 -> 4e | D26: =+Tra!K153*1000 -> 0 | K26: =+Tra!J153 -> #REF! | L26: =+IF(K26>=12,"AIII","AI") -> #REF! | M26: =+D26 -> 0 | N26: =+Tra!L153 -> #REF! | O26: =+N26*M26/1000 -> #REF!
B28: =+Tra!I154 -> 5 | D28: =+Tra!K154*1000 -> #REF! | K28: =+Tra!J154 -> #REF! | L28: =+IF(K28>=12,"AIII","AI") -> #REF! | M28: =+D28 -> #REF! | N28: =+Tra!L154 -> #REF! | O28: =+N28*M28/1000 -> #REF!
B30: =+Tra!I155 -> 5a | D30: =+Tra!K155*1000 -> #REF! | K30: =+Tra!J155 -> #REF! | L30: =+IF(K30>=12,"AIII","AI") -> #REF! | M30: =+D30 -> #REF! | N30: =+Tra!L155 -> #REF! | O30: =+N30*M30/1000 -> #REF!
B32: =+Tra!I156 -> 5b | D32: =+Tra!K156*1000 -> #REF! | K32: =+Tra!J156 -> #REF! | L32: =+IF(K32>=12,"AIII","AI") -> #REF! | M32: =+D32 -> #REF! | N32: =+Tra!L156 -> #REF! | O32: =+N32*M32/1000 -> #REF!
B34: =+Tra!I157 -> 5c | D34: =+Tra!K157*1000 -> #REF! | K34: =+Tra!J157 -> #REF! | L34: =+IF(K34>=12,"AIII","AI") -> #REF! | M34: =+D34 -> #REF! | N34: =+Tra!L157 -> #REF! | O34: =+N34*M34/1000 -> #REF!
B36: =+Tra!I158 -> 5d | D36: =+Tra!K158*1000 -> 0 | K36: =+Tra!J158 -> #REF! | L36: =+IF(K36>=12,"AIII","AI") -> #REF! | M36: =+D36 -> 0 | N36: =+Tra!L158 -> #REF! | O36: =+N36*M36/1000 -> #REF!
B38: =+Tra!I159 -> 5e | D38: =+Tra!K159*1000 -> 0 | K38: =+Tra!J159 -> #REF! | L38: =+IF(K38>=12,"AIII","AI") -> #REF! | M38: =+Tra!K159*1000 -> 0 | N38: =+Tra!L159 -> #REF! | O38: =+N38*M38/1000 -> #REF!
B40: =+Tra!I160 -> 6 | D40: =+Tra!K160*1000 -> #REF! | K40: =+Tra!J160 -> #REF! | L40: =+IF(K40>=12,"AIII","AI") -> #REF! | M40: =+D40 -> #REF! | N40: =+Tra!L160 -> #REF! | O40: =+N40*M40/1000 -> #REF!
B42: =+Tra!I161 -> 7 | D42: =+Tra!K161*1000 -> #REF! | K42: =+Tra!J161 -> #REF! | L42: =+IF(K42>=12,"AIII","AI") -> #REF! | M42: =+D42 -> #REF! | N42: =+Tra!L161 -> #REF! | O42: =+N42*M42/1000 -> #REF!
B44: =+Tra!I162 -> 8 | K44: =+Tra!J162 -> 10 | L44: =+IF(K44>=12,"AIII","AI") -> AI | M44: =+J45+D45+C45 -> #REF! | N44: =+Tra!L162 -> #REF! | O44: =+N44*M44/1000 -> #REF!
C45: 50 | D45: =+Tra!N162*1000 -> #REF! | J45: 50
B47: =+Tra!I163 -> 9 | K47: =+Tra!J163 -> 10 | L47: =+IF(K47>=12,"AIII","AI") -> AI | M47: =+(E49*2+D49*2+H48*2) -> #REF! | N47: =+Tra!L163 -> #REF! | O47: =+N47*M47/1000 -> #REF!
H48: 60
D49: =+Tra!N163*1000 -> #REF! | E49: =+Tra!O163*1000 -> #REF!
B51: =+Tra!I164 -> 9a | K51: =+Tra!J164 -> 10 | L51: =+IF(K51>=12,"AIII","AI") -> AI | M51: =+(E53*2+D53*2+H52*2) -> #REF! | N51: =+Tra!L164 -> #REF! | O51: =+N51*M51/1000 -> #REF!
H52: 60
D53: =+Tra!N164*1000 -> 350 | E53: =+Tra!O164*1000 -> #REF!
B55: =+Tra!I165 -> 9b | C55: 60 | D55: =+Tra!N165*1000 -> #REF! | J55: 60 | K55: =+Tra!J165 -> 10 | L55: =+IF(K55>=12,"AIII","AI") -> AI | M55: =+D55+J55*2 -> #REF! | N55: =+Tra!L165 -> #REF! | O55: =+N55*M55/1000 -> #REF!
B57: =+Tra!I166 -> 10 | K57: =+Tra!J166 -> 10 | L57: =+IF(K57>=12,"AIII","AI") -> AI | M57: =+F59*4+G58*2 -> #REF! | N57: =+Tra!L166 -> #REF! | O57: =+N57*M57/1000 -> #REF!
G58: 60
E59: =+F59 -> #REF! | F59: =+Tra!N166*1000 -> #REF!
B61: =+Tra!I167 -> 11 | K61: =+Tra!J167 -> 10 | L61: =+IF(K61>=12,"AIII","AI") -> AI | M61: =+F63*4+G62*2 -> 3720 | N61: =+Tra!L167 -> #REF! | O61: =+N61*M61/1000 -> #REF!
G62: 60
E63: =+F63 -> 900 | F63: =+Tra!N167*1000 -> 900
B65: =+Tra!I168 -> 12 | C65: 60 | D65: =+Tra!N168*1000 -> #REF! | J65: 60 | K65: =+Tra!J168 -> 10 | L65: =+IF(K65>=12,"AIII","AI") -> AI | M65: =+D65+J65*2 -> #REF! | N65: =+Tra!L168 -> #REF! | O65: =+N65*M65/1000 -> #REF!
B70: =+Tra!I167 -> 11 | E70: =+Tra!O167*1000 -> 0 | K70: =+Tra!J167 -> 10 | L70: =+IF(K70>=12,"AIII","AI") -> AI | M70: =+E71*2+E70*2+H71*2 -> 1920 | N70: =+Tra!L167 -> #REF! | O70: =+N70*M70/1000 -> #REF!
E71: =+Tra!N167*1000 -> 900 | H71: 60

Sheet TONG HOP
A2: Giai đoạn thiết kế | C2: TKBVTC | J2: Bê tông móng: | K2: =LEFT('N411-20'!D58,3) -> B20
A3: HÌNH THỨC MÓNG CỘT | C3: NÉO GÓC | D3: ='N411-20'!C3 -> D411-25 | J3: Bê tông lót: | K3: B7.5
A4: MÓNG | B4: ='N411-20'!J3 -> MB 2.6-5x6 | J4: Mã bản vẽ Ghi chú chung: | K4: 2511TNC2.F.NM.C.200
J6: Kích thước chân cột
J7: L1 = | K7: ='N411-20'!$K$7 -> 2.6 | L7: (m)
J8: L2 = | K8: =+K7 -> 2.6 | L8: (m)
J9: Chọn kích thước móng
J10: B = | K10: ='N411-20'!$K$10 -> 5 | L10: (m)
G11: 0.1 | J11: L = | K11: ='N411-20'!$K$11 -> 6 | L11: (m)
J13: Chiều sâu chôn móng
J14: H1 = | K14: ='N411-20'!$K$14 -> 2.5 | L14: (m)
J15: Chiều cao móng trên mặt đất
J16: H2 = | K16: ='N411-20'!$K$16 -> 1 | L16: (m)
G17: =G26 -> 1.2 | J17: Chiều cao móng
J18: H= H1 + H2 = | K18: =K14+K16 -> 3.5 | L18: (m)
J19: Bản móng
J20: hb = | K20: ='N411-20'!$K$20 -> 0.5 | L20: (m)
J21: hv = | K21: ='N411-20'!$K$21 -> 0.3 | L21: (m)
G22: =K8 -> 2.6 | J22: Cổ móng
J23: b = | K23: ='N411-20'!$K$23 -> 1 | L23: (m)
J25: Đệm cát
G26: =(K10-K7)/2 -> 1.2 | J26: h đệm cát | K26: 0.5 | L26: (m)
J27: Hệ số mở mái | K27: =IF(K26=0,0.5,IF(K14+K26+0.1>3.1,1.25,1)) -> 1 | L27: (m)
C28: =F28 -> 1.7 | E28: =K7 -> 2.6 | F28: =(K11-K8)/2 -> 1.7 | J28: Mở rộng đáy hố đào | K28: =IF(K26>0.5,0.6,0.3) -> 0.3 | L28: (m)
J29: Bu lông neo | K29: BLN- | L29: M36-250
A30: Thép bản móng | C30: đường kính | D30: bước thép | J30: Chiều dày lớp bê tông bảo vệ
B31: Lớp dưới | C31: ='N411-20'!C98 -> 12 | D31: ='N411-20'!E98*10 -> 200 | E31: (mm) | J31: Đáy móng | K31: ='N411-20'!F94*1000 -> 50 | L31: (mm)
B32: Lớp trên | C32: =C31 -> 12 | D32: =D31 -> 200 | E32: (mm) | J32: Vị trí còn lại | K32: =K31 -> 50 | L32: (mm)
B33: Thép chống | C33: =C32 -> 12 | D33: =D32*3 -> 600 | E33: (mm)
A34: Thép cổ móng | C34: đường kính | D34: số lượng/ bước thép
B35: Thép chủ | C35: ='N411-20'!C232 -> 20 | D35: ='N411-20'!E232*2+('N411-20'!E232-2)*2 -> 36
B36: Thép đai | C36: 8 | D36: 200 | E36: (mm)
B37: Đai phụ | C37: =C36 -> 8 | D37: =D36*2 -> 400 | E37: (mm)
B38: Lưới đầu trụ | C38: =C36 -> 8 | D38: =D36/2 -> 100 | E38: (mm) | F38: 02 lớp

Sheet KL
A1: THỐNG KÊ MÓNG | U1: BẢNG TỔNG HỢP VẬT LIỆU MÓNG (01 MÓNG)
A2: Tên công trình: | D2: ='[1]N411-20'!C1 -> NHÀ MÁY ĐIỆN GIÓ | K2: OUTPUT 1: | M2: BẢNG KÊ KHỐI LƯỢNG | U2: THỂ TÍCH BÊ TÔNG (m³) | W2: KHỐI LƯỢNG CỐT THÉP (kg) | AA2: TỔNG K.LƯỢNG THÉP (kg) | AB2: BU LÔNG NEO (bộ)
A3: Hạng mục: | D3: Móng | E3: ='[1]N411-20'!J3 -> MB 2.6-4.6x5.2 | G3: Cột: | H3: ='[1]N411-20'!C3 -> D411-25 | K3: STT | L3: HẠNG MỤC | P3: ĐƠN VỊ | Q3: K.LƯỢNG | S3: Cột | T3: Móng | U3: B20 (M250) | V3: B7.5 (M100) | W3: Ø8 | X3: Ø12 | Y3: Ø16 | Z3: Ø20 | AC3: Đất đào | AD3: Đất đắp | AE3: Cốp pha
K4: 1 | L4: BÊ TÔNG LÓT MÓNG ĐÁ 4x6 MÁC 100 | P4: m3 | Q4: =((B10+0.2)*(B11+0.2)*B23/1000) -> 2.592 | S4: =H3 -> D411-25 | U4: =Q5 -> 12.724 | V4: =Q4 -> 2.592 | W4: =K38 -> 271.41655 | X4: =M38 -> 212.16762 | Y4: - | Z4: =N38 -> 307.0704 | AA4: =Q8 -> 790.65457 | AB4: 16 M36 | AC4: =Q10 -> 121.45467 | AD4: =Q11 -> 107.57867 | AE4: =R36+R38 -> 33.68
K5: 2 | L5: BÊ TÔNG CẤU KIỆN ĐÁ 2x4 MÁC 200 | P5: m3 | Q5: =Q6+Q7 -> 12.724 | AA5: 1 trụ | AB5: hết móng
L6: 2.1 | M6: ĐÀI CỌC | P6: m3 | Q6: =((B10*B11+(B14+D15+0.2)^2+(B10+B14+D15+0.2)*(B11+B14+D15+0.2))*(B16-B17)/6+B17*B10*B11) -> 8.26 | Z6: a = | AA6: =B10+0.6 -> 5.2 | AB6: =B14+B11+2*0.3 -> 8.4 | AC6: m
L7: 2.2 | M7: CỔ MÓNG | P7: m3 | Q7: =4*((D15^2+B15^2+(D15+B15)^2)*(B12+B13-B16)/6) -> 4.464 | Z7: b = | AA7: =B11+0.6 -> 5.8 | AB7: =B14+B10+2*0.3 -> 7.8 | AC7: m
A8: INPUT | K8: 3 | L8: CỐT THÉP TRÒN CÁC LOẠI | P8: kg | Q8: =+IF(SUM(K38:O38)=(1+0.01*R35)*SUM(R16:R34),SUM(K38:O38),"Chưa được") -> 790.65457 | Z8: c = | AA8: =AA6+2*AA10*E26 -> 7.8 | AB8: =AB6+2*AB10*E26 -> 11 | AC8: m
A9: Kích thước móng | F9: Ghi chú | K9: 4 | L9: ="BU LÔNG NEO "&[2]TINH_TOAN!F114 -> BU LÔNG NEO M36 | P9: bộ | Z9: d = | AA9: =AA7+2*AA10*E26 -> 8.4 | AB9: =AB7+2*AB10*E26 -> 10.4 | AC9: m
A10: Bm = | B10: ='[1]N411-20'!K10 -> 4.6 | C10: m | F10: dọc theo phương chịu lực | K10: 5 | L10: ĐẤT ĐÀO | M10: ="("&IF(AND(J10>0,J11>0),"Đào từng chân trụ","Đào hết móng")&")" -> (Đào hết móng) | P10: m3 | Q10: =IF(J10<0,AB11,AA11*E25) -> 121.45467 | Z10: H = | AA10: =B12+B23/1000 -> 2.6 | AB10: =AA10 -> 2.6 | AC10: m
A11: Lm = | B11: ='[1]N411-20'!K11 -> 5.2 | C11: m | F11: vuông góc với phương chịu lực | K11: 6 | L11: ĐẤT ĐẮP | P11: m3 | Q11: =+Q10-Q4-Q5+4*(B15^2+(B15+(D15-B15)*B13/(B12+B13-B16))^2+(B15+(B15+(D15-B15)*B13/(B12+B13-B16)))^2)*B13/6 -> 107.57867 | Z11: V = | AA11: =(AA6*AA7+AA8*AA9+(AA6+AA8)*(AA7+AA9))*AA10/6 -> 121.45467 | AB11: =(AB6*AB7+AB8*AB9+(AB6+AB8)*(AB7+AB9))*AB10/6 -> 230.96667 | AC11: m3
A12: Hm = | B12: ='[1]N411-20'!K14 -> 2.5 | C12: m | F12: chiều sâu chôn móng
A13: d = | B13: ='[1]N411-20'!K16 -> 1 | C13: m | F13: ch.cao cổ móng tính từ mặt đất
A14: Bt = | B14: ='[1]N411-20'!K7 -> 2.6 | C14: m | F14: khoảng cách trục móng | J14: OUTPUT 2: | K14: BẢNG KÊ THÉP (CHO 1 BẢN MÓNG)
A15: bc = hc = | B15: ='[1]N411-20'!K23 -> 0.6 | C15: m | D15: =B15 -> 0.6 | E15: m | F15: bề rộng cổ móng | J15: Vị trí | K15: Hình dạng và kích thước (mm) | N15: f (mm) | O15: Chiều dài (mm) | P15: Số lượng | Q15: Tổng c.dài (m) | R15: KL (kg)
A16: hb = | B16: ='[1]N411-20'!K20 -> 0.4 | C16: m | F16: chiều cao đài móng | J16: 1 | L16: =+B10*1000-C28*2 -> 4500 | N16: =C18 -> 12 | O16: =+K16+L16+M16 -> 4500 | P16: =H60 -> 23 | Q16: =((P16*O16)/1000) -> 103.5 | R16: =+VLOOKUP(N16,CT,3,0)*Q16 -> 91.908 | S16: Thanh dọc trong đài (lớp dưới) | AG16: 1 chân móng
A17: hv = | B17: ='[1]N411-20'!K21 -> 0.2 | C17: m | F17: chiều cao mép đài móng | K17: =ROUND(D85,-1) -> 490 | L17: =ROUND(C85,-1) -> 3580 | AD17: taluy | AE17: =IF(AE21<3, 0.25,0.5) -> 0.25 | AF17: Đất đào | AG17: =((AG29*AG29+AF20*AF20+(AG29+AF20)*(AG29+AF20))*AE21/6)*4 -> 318.18667
A18: thép đài | B18: f | C18: ='[1]N411-20'!C98 -> 12 | D18: @ | E18: ='[1]N411-20'!E98*10 -> 200 | J18: 2 | K18: =B17*1000-(F28+C28) -> 100 | M18: =K18 -> 100 | N18: =N16 -> 12 | O18: =L17+2*(K18+K17) -> 4760 | P18: =P16 -> 23 | Q18: =((P18*O18)/1000) -> 109.48 | R18: =+VLOOKUP(N18,CT,3,0)*Q18 -> 97.21824 | S18: Thanh dọc trong đài (lớp trên) | AF18: Đục đá | AG18: =(AH28*AH28*(AE25+0.1))*4 -> 75.712
A19: th.đài chống | B19: f | C19: =C18 -> 12 | D19: @ | E19: =E18*3 -> 600 | AF19: Đất đắp | AG19: =+AG17+AG18-Q4-Q5+4*(B15^2+(B15+(D15-B15)*B13/(B12+B13-B16))^2+(B15+(B15+(D15-B15)*B13/(B12+B13-B16)))^2)*B13/6 -> 380.02267
A20: thép cột | C20: =('[1]N411-20'!E232-1)*4 -> 8 | D20: f | E20: ='[1]N411-20'!C232 -> 20 | F20: tính cho cả 4 cạnh | J20: 3 | L20: =+B11*1000-C28*2 -> 5100 | N20: =C22 -> 8 | O20: =+K20+L20+M20 -> 5100 | P20: =S84 -> 27 | Q20: =((P20*O20)/1000) -> 137.7 | R20: =+VLOOKUP(N20,CT,3,0)*Q20 -> 54.3915 | S20: Thanh ngang trong đài (lớp dưới) | AF20: =AG29+2*(AE21*AE17) -> 6.8
K21: =ROUND(P85,-1) -> 700 | L21: =ROUND(O85,-1) -> 3730 | AE21: 2
A22: đai cột | B22: f | C22: 8 | D22: a | E22: 200 | F22: chú ý cách bố trí bên dưới | J22: 4 | K22: =K18 -> 100 | M22: =K22 -> 100 | N22: =N20 -> 8 | O22: =L21+2*(K22+K21) -> 5330 | P22: =P20 -> 27 | Q22: =((P22*O22)/1000) -> 143.91 | R22: =+VLOOKUP(N22,CT,3,0)*Q22 -> 56.84445 | S22: Thanh ngang trong đài (lớp trên) | Z22: 87 | AA22: 1.7
A23: Bê tông lót | B23: 100 | C23: mm | L23: =AC69&"*" -> 270* | Z23: 94 | AA23: 2
A24: GHI CHÚ: | J24: 5 | K24: 100 | M24: =K24 -> 100 | N24: =N18 -> 12 | O24: =2*K24+AC69 -> 470 | P24: =AD68 -> 31 | Q24: =O24*AD68*E25/1000 -> 14.57 | R24: =+VLOOKUP(N24,CT,3,0)*Q24 -> 12.93816 | S24: Thép chống | Z24: 95 | AA24: 2
A25: * Số bản móng trong 1 móng: | E25: 1 | AE25: =B12+0.1-AE21 -> 0.6
A26: * Độ dốc mái đào hố móng:i=1: | E26: 0.5 | J26: 6 | K26: 300 | L26: =(B13+B12)*1000-C28-F28 -> 3400 | N26: =E20 -> 20 | O26: =L26+K26 -> 3700 | P26: =C20&"x4" -> 8x4 | Q26: =O26*C20*4/1000 -> 118.4 | R26: =+VLOOKUP(N26,CT,3,0)*Q26 -> 292.448 | S26: Thép cột
A27: * Lớp bê tông bảo vệ cốt thép: | L27: 60
A28: - Đáy móng: | C28: 50 | D28: - VT khác: | F28: 50 | J28: 7 | L28: =(D15*1000-2*F28) -> 500 | N28: =C22 -> 8 | O28: =L28*4+2*L27 -> 2120 | P28: =T28&"x4" -> 16x4 | Q28: =O28*T28*4/1000 -> 135.68 | R28: =+VLOOKUP(N28,CT,3,0)*Q28 -> 53.5936 | S28: Đai cột | T28: =(CEILING(((B13+B12-B16)*1000-F28)/$E$18,1)) -> 16 | AH28: =B10+0.6 -> 5.2
A29: * Bố trí đai dầm: | C29: c = | D29: 0 | E29: d = | F29: 0 | AG29: =AH28+0.6 -> 5.8
A30: * Bố trí đai cột: | C30: e = | D30: 1 | E30: f = | F30: 1 | J30: 8 | K30: =AL62 -> 270 | L30: 60 | N30: =C22 -> 8 | O30: =(K30+L31)*4+2*L30 -> 1840 | P30: =P28 -> 16x4 | Q30: =O30*T30*4/1000 -> 117.76 | R30: =+VLOOKUP(N30,CT,3,0)*Q30 -> 46.5152 | S30: Đai cột | T30: =T28 -> 16
L31: =AM62 -> 160
J32: 9 | K32: =M32 -> 60 | L32: =L28 -> 500 | M32: 60 | N32: =C22 -> 8 | O32: =L32+2*M32 -> 620 | P32: =T32&"x4" -> 32x4 | Q32: =O32*T32*4/1000 -> 79.36 | R32: =+VLOOKUP(N32,CT,3,0)*Q32 -> 31.3472 | S32: Đai cột | T32: =T30*D30*2 -> 32
J34: 10 | L34: =B15*1000-2*F28 -> 500 | N34: =N32 -> 8 | O34: =L34 -> 500 | P34: =(ROUND(O34/100,0))*2*2*4 -> 80 | Q34: =O34*P34/1000 -> 40 | R34: =+VLOOKUP(N34,CT,3,0)*Q34 -> 15.8 | S34: Gia cường cổ móng 2 lớp d @100
J35: OUTPUT 3: | K35: BẢNG PHÂN LOẠI THÉP | P35: Dự phòng khối lượng thép: | R35: 5 | S35: %
J36: f (mm) | K36: 8 | L36: 10 | M36: =N16 -> 12 | N36: 20 | O36: 25 | P36: KL COPHA: | Q36: * Bản móng: | R36: =(B10+B11)*2*B17 -> 3.92 | S36: m2
J37: Chiều dài (m) | K37: =+(1+0.01*R35)*SUMIF($N$16:$N$34,K36,$Q$16:$Q$34) -> 687.1305 | L37: =+(1+0.01*R35)*SUMIF($N$16:$N$34,L36,$Q$16:$Q$34) -> 0 | M37: =+(1+0.01*R35)*SUMIF($N$16:$N$34,M36,$Q$16:$Q$34) -> 238.9275 | N37: =+(1+0.01*R35)*SUMIF($N$16:$N$34,N36,$Q$16:$Q$34) -> 124.32 | O37: =+(1+0.01*R35)*SUMIF($N$16:$N$34,O36,$Q$16:$Q$34) -> 0 | Q37: * Dầm móng: | S37: m2
J38: TL (kg) | K38: =+(1+0.01*R35)*SUMIF($N$16:$N$34,K36,$R$16:$R$34) -> 271.41655 | L38: =+(1+0.01*R35)*SUMIF($N$16:$N$34,L36,$R$16:$R$34) -> 0 | M38: =+(1+0.01*R35)*SUMIF($N$16:$N$34,M36,$R$16:$R$34) -> 212.16762 | N38: =+(1+0.01*R35)*SUMIF($N$16:$N$34,N36,$R$16:$R$34) -> 307.0704 | O38: =+(1+0.01*R35)*SUMIF($N$16:$N$34,O36,$R$16:$R$34) -> 0 | Q38: * Cổ móng: | R38: =B15*4*(B12+B13-B16)*4 -> 29.76 | S38: m2
A44: Thống kê thanh số 2 (cho 1 trụ móng) | M44: Thống kê thanh số 4 (cho 1 trụ móng) | AA44: Thống kê thanh số 5 (cho 1 trụ móng) | AJ44: Thống kê thanh số 6 (cho 1 trụ móng)
AB46: Bố trí thép : | AC46: =C19 -> 12 | AD46: @ | AE46: =E19 -> 600
AB47: Trên đoạn X có : | AC47: =FLOOR((B59*1000)/$AE$46,1) -> 0 | AD47: hàng
AB48: Hàng: | AC48: 1 | AD48: =IF(AC48="","",CEILING(($B$10*1000-2*AC48*$AE$46)/$AE$46,1))+1 -> 7 | AE48: =IF(AC48="","", "cây") -> cây
AC49: =IF(AC48<$AC$47,1+AC48,"") | AD49: =IF(AC49="","",CEILING(($B$10*1000-2*AC49*$AE$46)/$AE$46,1))+1 -> #VALUE! | AE49: =IF(AC49="","", "cây") | AQ49: =L30 -> 60
AC50: =IF(AC49<$AC$47,1+AC49,"") | AD50: =IF(AC50="","",CEILING(($B$10*1000-2*AC50*$AE$46)/$AE$46,1)) | AE50: =IF(AC50="","", "cây")
AC51: =IF(AC50<$AC$47,1+AC50,"") | AD51: =IF(AC51="","",CEILING(($B$10*1000-2*AC51*$AE$46)/$AE$46,1)) | AE51: =IF(AC51="","", "cây") | AJ51: Số cây trong khoảng e: | AL51: 2 | AM51: cây
AC52: =IF(AC51<$AC$47,1+AC51,"") | AD52: =IF(AC52="","",CEILING(($B$10*1000-2*AC52*$AE$46)/$AE$46,1)) | AE52: =IF(AC52="","", "cây") | AJ52: Khoảng thanh trên một mặt: | AM52: =C20/4 -> 2 | AN52: khoảng | AO52: L8
AB53: Trên đoạn Y có : | AC53: =FLOOR((B60*1000)/$AE$46,1) -> 5 | AD53: hàng | AJ53: Khoảng cách giữa 2 thanh ở cổ cột: | AM53: =(B15*1000-2*F28)/AM52 -> 250 | AN53: mm | AP53: L7
H54: L1 | T54: L1 | AC54: =AC53^2-1*0 -> 25 | AE54: cây | AJ54: Khoảng cách giữa 2 thanh ở chân cột: | AM54: =AM53 -> 250 | AN54: mm
G55: L2 | S55: L2 | AB55: 1 trụ | AC55: =SUM(AD62:AD66)+AD67 -> 31 | AE55: cây | AK55: Cổ cột: | AL55: = | AM55: =$B$15*1000 -> 600 | AN55: mm
F56: L3 | J56: L3 | R56: L3 | V56: L3 | AK56: Chân cột: | AL56: = | AM56: =$D$15*1000 -> 600 | AN56: mm
A57: Chiều cao đài móng | D57: =B16 -> 0.4 | F57: m | G57: Chiều rộng móng: | J57: =B10*1000 -> 4600 | K57: mm | M57: Chiều cao đài móng | P57: =D57 -> 0.4 | R57: m | S57: Chiều rộng móng: | V57: =B11*1000 -> 5200 | W57: mm | AK57: BT bảo vệ: | AL57: = | AM57: =$F$28 -> 50 | AN57: mm
A58: Vát móng | D58: =B17 -> 0.2 | F58: m | M58: Vát móng | P58: =D58 -> 0.2 | R58: m | AA58: =K24 -> 100 | AD58: L4 | AE58: =AA58 -> 100 | AJ58: Chiều cao cột đặt thép đai | AM58: =($B$12+$B$13-$B$16)*1000 -> 3100 | AN58: mm
A59: X1 = | B59: =(B10-(B14+B15+0.2))/2 -> 0.6 | C59: m | D59: = | E59: =CEILING(B59*1000/$E$18,1) -> 3 | F59: thanh | M59: X2 = | N59: =(B11-(B14+B15+0.2))/2 -> 0.9 | O59: m | P59: = | Q59: =CEILING(N59*1000/$E$18,1) -> 5 | R59: thanh | AK59: Chiều cao đặt thép đai @ | AL59: 200 | AM59: =AM58 -> 3100 | AN59: mm = | AO59: =ROUND((AM59)/AL59,0) -> 16 | AP59: thanh
A60: Y1 = | B60: =B14+D15+0.2 -> 3.4 | C60: m | D60: = | E60: =CEILING(B60*1000/$E$18,1) -> 17 | F60: thanh | G60: 1 trụ = | H60: =(E60+2*E59) -> 23 | I60: thanh | M60: Y2 = | N60: =B14+D15+0.2 -> 3.4 | O60: m | P60: = | Q60: =CEILING(N60*1000/$E$18,1) -> 17 | R60: thanh | S60: 1 trụ = | T60: =(Q60+2*Q59) -> 27 | U60: thanh | AK60: Chiều cao đặt thép đai @ | AL60: 200 | AM60: =AM58-AM59 -> 0 | AN60: mm = | AO60: =ROUND((AM60)/AL60,0) -> 0 | AP60: thanh
A61: Ký hiệu | B61: Ф | C61: L1 | D61: L2 | E61: L3 | F61: Chiều dài | G61: SL | H61: Tổng c.dài | J61: Khối lượng | M61: Ký hiệu | N61: Ф | O61: L1 | P61: L2 | Q61: L3 | R61: Chiều dài | S61: SL | T61: Tổng c.dài | V61: Khối lượng | AA61: Ký hiệu | AB61: Ф | AC61: Chiều dài | AD61: SL | AE61: Tổng c.dài | AF61: Khối lượng | AH61: kg | AJ61: Ký hiệu | AK61: Ф | AL61: L7 | AM61: L8 | AN61: Chiều dài | AO61: SL | AP61: Tổng c.dài | AQ61: Khối lượng
A62: 1 | B62: =$C$18 -> 12 | C62: =J57-100 -> 4500 | D62: 0 | E62: =IF(C62="","",$D$58*1000-100) -> 100 | F62: =IF(C62="","",C62+2*(D62+E62)) -> 4700 | G62: =IF(A62="","",2) -> 2 | H62: =IF(C62="","",G62*F62/1000) -> 9.4 | J62: =IF(A62="","",VLOOKUP(B62,CT,3,0)*H62) -> 8.3472 | K62: X1 | M62: 1 | N62: =$C$18 -> 12 | O62: =V57-100 -> 5100 | P62: 0 | Q62: =IF(O62="","",$P$58*1000-100) -> 100 | R62: =IF(O62="","",O62+2*(P62+Q62)) -> 5300 | S62: =IF(M62="","",2) -> 2 | T62: =IF(O62="","",S62*R62/1000) -> 10.6 | V62: =IF(M62="","",VLOOKUP(N62,CT,3,0)*T62) -> 9.4128 | W62: X2 | AA62: =AC48 -> 1 | AB62: =IF(AA62="","",$C$19) -> 12 | AC62: =IF(AA62="","",ROUND($E$62+(($D$57*1000-100-$E$62)*($E$19*AA62)/($B$59*1000-$C$28)),-1)) -> 320 | AD62: =IF(AA62="","", (AD48-1)) -> 6 | AE62: =IF(AA62="","",AD62*(AC62+$AA$58*2)/1000) -> 3.12 | AF62: =IF(AA62="","",(VLOOKUP($AB$62,CT,3,0)*AE62)) -> 2.77056 | AH62: X | AJ62: 1 | AK62: =IF(AJ62="","",$C$22) -> 8 | AL62: =IF(AJ62="","",ROUND(($AL$51-1)/$AM$52*($D$15*1000-2*$F$28)+$E$20,-1)) -> 270 | AM62: =IF(AJ62="","",ROUND((($D$15*1000-2*$F$28)-AL62)/SQRT(2),-1)) -> 160 | AN62: =IF(AJ62="","",(AM62+AL62)*4+2*$AQ$49) -> 1840 | AO62: =IF(AJ62="","",$F$30) -> 1 | AP62: =IF(AJ62="","",AO62*(AN62)/1000) -> 1.84 | AQ62: =IF(AJ62="","",VLOOKUP(AK62,THEP,3,1)*AP62) -> 0.7268
A63: =IF(A62<$E$59,1+A62,"") -> 2 | B63: =IF(A63="","",$B$62) -> 12 | C63: =IF(A63<=$E$59,(C62/2-$E$18)*2,"") -> 4100 | D63: =(IF(A63<=$E$59,SQRT(($E$18*A62*($D$57*1000-100-$E$62)/($C$62/2))^2+($E$18*A62)^2),"")) -> 200.78857 | E63: =IF(C63="","",$D$58*1000-100) -> 100 | F63: =IF(C63="","",C63+2*(D63+E63)) -> 4701.5771 | G63: =IF(A63="","",2) -> 2 | H63: =IF(C63="","",G63*F63/1000) -> 9.4031543 | J63: =IF(A63="","",VLOOKUP(B63,CT,3,0)*H63) -> 8.350001 | M63: =IF(M62<$Q$59,1+M62,"") -> 2 | N63: =IF(M63="","",$B$62) -> 12 | O63: =IF(M63<=$Q$59,(O62/2-$E$18)*2,"") -> 4700 | P63: =(IF(M63<=$Q$59,SQRT(($E$18*M62*($P$57*1000-100-$Q$62)/($O$62/2))^2+($E$18*M62)^2),"")) -> 200.6142 | Q63: =IF(O63="","",$P$58*1000-100) -> 100 | R63: =IF(O63="","",O63+2*(P63+Q63)) -> 5301.2284 | S63: =IF(M63="","",2) -> 2 | T63: =IF(O63="","",S63*R63/1000) -> 10.602457 | V63: =IF(M63="","",VLOOKUP(N63,CT,3,0)*T63) -> 9.4149817 | AA63: =AC49 | AB63: =IF(AA63="","",$C$19) | AC63: =IF(AA63="","",ROUND($E$62+(($D$57*1000-100-$E$62)*($E$19*AA63)/($B$59*1000-$C$28)),-1)) | AD63: =IF(AA63="","", (AD49-1)) | AE63: =IF(AA63="","",AD63*(AC63+$AA$58*2)/1000) | AF63: =IF(AA63="","",(VLOOKUP($AB$62,CT,3,0)*AE63)) | AJ63: =IF(AJ62<$AI$55,1+AJ62,"") | AK63: =IF(AJ63="","",$C$22) | AL63: =IF(AJ63="","",ROUND(($AO$47-1)/$AP$48*AC63+$E$20,-1)) | AM63: =IF(AJ63="","",ROUND((AC63-AL63)/SQRT(2),-1)) | AN63: =IF(AJ63="","",(AM63+AL63)*4+2*$AT$45) | AO63: =IF(AJ63="","",$F$30) | AP63: =IF(AJ63="","",AO63*(AN63)/1000) | AQ63: =IF(AJ63="","",VLOOKUP(AK63,THEP,3,1)*AP63)
A64: =IF(A63<$E$59,1+A63,"") -> 3 | B64: =IF(A64="","",$B$62) -> 12 | C64: =IF(A64<=$E$59,(C63/2-$E$18)*2,"") -> 3700 | D64: =(IF(A64<=$E$59,SQRT(($E$18*A63*($D$57*1000-100-$E$62)/($C$62/2))^2+($E$18*A63)^2),"")) -> 401.57714 | E64: =IF(C64="","",$D$58*1000-100) -> 100 | F64: =IF(C64="","",C64+2*(D64+E64)) -> 4703.1543 | G64: =IF(A64="","",2) -> 2 | H64: =IF(C64="","",G64*F64/1000) -> 9.4063086 | J64: =IF(A64="","",VLOOKUP(B64,CT,3,0)*H64) -> 8.352802 | M64: =IF(M63<$Q$59,1+M63,"") -> 3 | N64: =IF(M64="","",$B$62) -> 12 | O64: =IF(M64<=$Q$59,(O63/2-$E$18)*2,"") -> 4300 | P64: =(IF(M64<=$Q$59,SQRT(($E$18*M63*($P$57*1000-100-$Q$62)/($O$62/2))^2+($E$18*M63)^2),"")) -> 401.22841 | Q64: =IF(O64="","",$P$58*1000-100) -> 100 | R64: =IF(O64="","",O64+2*(P64+Q64)) -> 5302.4568 | S64: =IF(M64="","",2) -> 2 | T64: =IF(O64="","",S64*R64/1000) -> 10.604914 | V64: =IF(M64="","",VLOOKUP(N64,CT,3,0)*T64) -> 9.4171633 | AA64: =AC50 | AB64: =IF(AA64="","",$C$19) | AC64: =IF(AA64="","",ROUND($E$62+(($D$57*1000-100-$E$62)*($E$19*AA64)/($B$59*1000-$C$28)),-1)) | AD64: =IF(AA64="","", (AD50-1)) | AE64: =IF(AA64="","",AD64*(AC64+$AA$58*2)/1000) | AF64: =IF(AA64="","",(VLOOKUP($AB$62,CT,3,0)*AE64)) | AJ64: =IF(AJ63<$AI$55,1+AJ63,"") | AK64: =IF(AJ64="","",$C$22) | AL64: =IF(AJ64="","",ROUND(($AO$47-1)/$AP$48*AC64+$E$20,-1)) | AM64: =IF(AJ64="","",ROUND((AC64-AL64)/SQRT(2),-1)) | AN64: =IF(AJ64="","",(AM64+AL64)*4+2*$AT$45) | AO64: =IF(AJ64="","",$F$30) | AP64: =IF(AJ64="","",AO64*(AN64)/1000) | AQ64: =IF(AJ64="","",VLOOKUP(AK64,THEP,3,1)*AP64)
A65: =IF(A64<$E$59,1+A64,"") | B65: =IF(A65="","",$B$62) | C65: =IF(A65<=$E$59,(C64/2-$E$18)*2,"") | D65: =(IF(A65<=$E$59,SQRT(($E$18*A64*($D$57*1000-100-$E$62)/($C$62/2))^2+($E$18*A64)^2),"")) | E65: =IF(C65="","",$D$58*1000-100) | F65: =IF(C65="","",C65+2*(D65+E65)) | G65: =IF(A65="","",2) | H65: =IF(C65="","",G65*F65/1000) | J65: =IF(A65="","",VLOOKUP(B65,CT,3,0)*H65) | M65: =IF(M64<$Q$59,1+M64,"") -> 4 | N65: =IF(M65="","",$B$62) -> 12 | O65: =IF(M65<=$Q$59,(O64/2-$E$18)*2,"") -> 3900 | P65: =(IF(M65<=$Q$59,SQRT(($E$18*M64*($P$57*1000-100-$Q$62)/($O$62/2))^2+($E$18*M64)^2),"")) -> 601.84261 | Q65: =IF(O65="","",$P$58*1000-100) -> 100 | R65: =IF(O65="","",O65+2*(P65+Q65)) -> 5303.6852 | S65: =IF(M65="","",2) -> 2 | T65: =IF(O65="","",S65*R65/1000) -> 10.60737 | V65: =IF(M65="","",VLOOKUP(N65,CT,3,0)*T65) -> 9.419345 | AA65: =AC51 | AB65: =IF(AA65="","",$C$19) | AC65: =IF(AA65="","",ROUND($E$62+(($D$57*1000-100-$E$62)*($E$19*AA65)/($B$59*1000-$C$28)),-1)) | AD65: =IF(AA65="","", (AD51-1)) | AE65: =IF(AA65="","",AD65*(AC65+$AA$58*2)/1000) | AF65: =IF(AA65="","",(VLOOKUP($AB$62,CT,3,0)*AE65)) | AJ65: =IF(AJ64<$AI$55,1+AJ64,"") | AK65: =IF(AJ65="","",$C$22) | AL65: =IF(AJ65="","",ROUND(($AO$47-1)/$AP$48*AC65+$E$20,-1)) | AM65: =IF(AJ65="","",ROUND((AC65-AL65)/SQRT(2),-1)) | AN65: =IF(AJ65="","",(AM65+AL65)*4+2*$AT$45) | AO65: =IF(AJ65="","",$F$30) | AP65: =IF(AJ65="","",AO65*(AN65)/1000) | AQ65: =IF(AJ65="","",VLOOKUP(AK65,THEP,3,1)*AP65)
A66: =IF(A65<$E$59,1+A65,"") | B66: =IF(A66="","",$B$62) | C66: =IF(A66<=$E$59,(C65/2-$E$18)*2,"") | D66: =(IF(A66<=$E$59,SQRT(($E$18*A65*($D$57*1000-100-$E$62)/($C$62/2))^2+($E$18*A65)^2),"")) | E66: =IF(C66="","",$D$58*1000-100) | F66: =IF(C66="","",C66+2*(D66+E66)) | G66: =IF(A66="","",2) | H66: =IF(C66="","",G66*F66/1000) | J66: =IF(A66="","",VLOOKUP(B66,CT,3,0)*H66) | M66: =IF(M65<$Q$59,1+M65,"") -> 5 | N66: =IF(M66="","",$B$62) -> 12 | O66: =IF(M66<=$Q$59,(O65/2-$E$18)*2,"") -> 3500 | P66: =(IF(M66<=$Q$59,SQRT(($E$18*M65*($P$57*1000-100-$Q$62)/($O$62/2))^2+($E$18*M65)^2),"")) -> 802.45682 | Q66: =IF(O66="","",$P$58*1000-100) -> 100 | R66: =IF(O66="","",O66+2*(P66+Q66)) -> 5304.9136 | S66: =IF(M66="","",2) -> 2 | T66: =IF(O66="","",S66*R66/1000) -> 10.609827 | V66: =IF(M66="","",VLOOKUP(N66,CT,3,0)*T66) -> 9.4215266 | AA66: =AC52 | AB66: =IF(AA66="","",$C$19) | AC66: =IF(AA66="","",ROUND($E$62+(($D$57*1000-100-$E$62)*($E$19*AA66)/($B$59*1000-$C$28)),-1)) | AD66: =IF(AA66="","", (AD52-1)) | AE66: =IF(AA66="","",AD66*(AC66+$AA$58*2)/1000) | AF66: =IF(AA66="","",(VLOOKUP($AB$62,CT,3,0)*AE66)) | AJ66: =IF(AJ65<$AI$55,1+AJ65,"") | AK66: =IF(AJ66="","",$C$22) | AL66: =IF(AJ66="","",ROUND(($AO$47-1)/$AP$48*AC66+$E$20,-1)) | AM66: =IF(AJ66="","",ROUND((AC66-AL66)/SQRT(2),-1)) | AN66: =IF(AJ66="","",(AM66+AL66)*4+2*$AT$45) | AO66: =IF(AJ66="","",$F$30) | AP66: =IF(AJ66="","",AO66*(AN66)/1000) | AQ66: =IF(AJ66="","",VLOOKUP(AK66,THEP,3,1)*AP66)
A67: =IF(A66<$E$59,1+A66,"") | B67: =IF(A67="","",$B$62) | C67: =IF(A67<=$E$59,(C66/2-$E$18)*2,"") | D67: =(IF(A67<=$E$59,SQRT(($E$18*A66*($D$57*1000-100-$E$62)/($C$62/2))^2+($E$18*A66)^2),"")) | E67: =IF(C67="","",$D$58*1000-100) | F67: =IF(C67="","",C67+2*(D67+E67)) | G67: =IF(A67="","",2) | H67: =IF(C67="","",G67*F67/1000) | J67: =IF(A67="","",VLOOKUP(B67,CT,3,0)*H67) | M67: =IF(M66<$Q$59,1+M66,"") | N67: =IF(M67="","",$B$62) | O67: =IF(M67<=$Q$59,(O66/2-$E$18)*2,"") | P67: =(IF(M67<=$Q$59,SQRT(($E$18*M66*($P$57*1000-100-$Q$62)/($O$62/2))^2+($E$18*M66)^2),"")) | Q67: =IF(O67="","",$P$58*1000-100) | R67: =IF(O67="","",O67+2*(P67+Q67)) | S67: =IF(M67="","",2) | T67: =IF(O67="","",S67*R67/1000) | V67: =IF(M67="","",VLOOKUP(N67,CT,3,0)*T67) | AA67: 6 | AB67: =$C$19 -> 12 | AC67: =ROUND(D57*1000-(C28+F28)-3*C18,-1) -> 260 | AD67: =AC54 -> 25 | AE67: =AD67*(AC67+$AA$58*2)/1000 -> 11.5 | AF67: =IF(AA67="","",(VLOOKUP($AB$62,CT,3,0)*AE67)) -> 10.212 | AH67: Y | AJ67: =IF(AJ66<$AI$55,1+AJ66,"") | AK67: =IF(AJ67="","",$C$22) | AL67: =IF(AJ67="","",ROUND(($AO$47-1)/$AP$48*AC67+$E$20,-1)) | AM67: =IF(AJ67="","",ROUND((AC67-AL67)/SQRT(2),-1)) | AN67: =IF(AJ67="","",(AM67+AL67)*4+2*$AT$45) | AO67: =IF(AJ67="","",$F$30) | AP67: =IF(AJ67="","",AO67*(AN67)/1000) | AQ67: =IF(AJ67="","",VLOOKUP(AK67,THEP,3,1)*AP67)
A68: =IF(A67<$E$59,1+A67,"") | B68: =IF(A68="","",$B$62) | C68: =IF(A68<=$E$59,(C67/2-$E$18)*2,"") | D68: =(IF(A68<=$E$59,SQRT(($E$18*A67*($D$57*1000-100-$E$62)/($C$62/2))^2+($E$18*A67)^2),"")) | E68: =IF(C68="","",$D$58*1000-100) | F68: =IF(C68="","",C68+2*(D68+E68)) | G68: =IF(A68="","",2) | H68: =IF(C68="","",G68*F68/1000) | J68: =IF(A68="","",VLOOKUP(B68,CT,3,0)*H68) | M68: =IF(M67<$Q$59,1+M67,"") | N68: =IF(M68="","",$B$62) | O68: =IF(M68<=$Q$59,(O67/2-$E$18)*2,"") | P68: =(IF(M68<=$Q$59,SQRT(($E$18*M67*($P$57*1000-100-$Q$62)/($O$62/2))^2+($E$18*M67)^2),"")) | Q68: =IF(O68="","",$P$58*1000-100) | R68: =IF(O68="","",O68+2*(P68+Q68)) | S68: =IF(M68="","",2) | T68: =IF(O68="","",S68*R68/1000) | V68: =IF(M68="","",VLOOKUP(N68,CT,3,0)*T68) | AA68: Tổng | AD68: =SUM(AD62:AD67) -> 31 | AE68: =SUM(AE62:AE67) -> 14.62 | AF68: =SUM(AF62:AF67) -> 12.98256 | AJ68: =IF(AJ67<$AI$55,1+AJ67,"") | AK68: =IF(AJ68="","",$C$22) | AL68: =IF(AJ68="","",ROUND(($AO$47-1)/$AP$48*AC68+$E$20,-1)) | AM68: =IF(AJ68="","",ROUND((AC68-AL68)/SQRT(2),-1)) | AN68: =IF(AJ68="","",(AM68+AL68)*4+2*$AT$45) | AO68: =IF(AJ68="","",$F$30) | AP68: =IF(AJ68="","",AO68*(AN68)/1000) | AQ68: =IF(AJ68="","",VLOOKUP(AK68,THEP,3,1)*AP68)
A69: =IF(A68<$E$59,1+A68,"") | B69: =IF(A69="","",$B$62) | C69: =IF(A69<=$E$59,(C68/2-$E$18)*2,"") | D69: =(IF(A69<=$E$59,SQRT(($E$18*A68*($D$57*1000-100-$E$62)/($C$62/2))^2+($E$18*A68)^2),"")) | E69: =IF(C69="","",$D$58*1000-100) | F69: =IF(C69="","",C69+2*(D69+E69)) | G69: =IF(A69="","",2) | H69: =IF(C69="","",G69*F69/1000) | J69: =IF(A69="","",VLOOKUP(B69,CT,3,0)*H69) | M69: =IF(M68<$Q$59,1+M68,"") | N69: =IF(M69="","",$B$62) | O69: =IF(M69<=$Q$59,(O68/2-$E$18)*2,"") | P69: =(IF(M69<=$Q$59,SQRT(($E$18*M68*($P$57*1000-100-$Q$62)/($O$62/2))^2+($E$18*M68)^2),"")) | Q69: =IF(O69="","",$P$58*1000-100) | R69: =IF(O69="","",O69+2*(P69+Q69)) | S69: =IF(M69="","",2) | T69: =IF(O69="","",S69*R69/1000) | V69: =IF(M69="","",VLOOKUP(N69,CT,3,0)*T69) | AA69: Trung bình | AC69: =ROUND((AE68*1000-AD68*2*AA58)/AD68,-1) -> 270 | AE69: =(AC69+2*AA58)*AD68/1000 -> 14.57 | AJ69: =IF(AJ68<$AI$55,1+AJ68,"") | AK69: =IF(AJ69="","",$C$22) | AL69: =IF(AJ69="","",ROUND(($AO$47-1)/$AP$48*AC69+$E$20,-1)) | AM69: =IF(AJ69="","",ROUND((AC69-AL69)/SQRT(2),-1)) | AN69: =IF(AJ69="","",(AM69+AL69)*4+2*$AT$45) | AO69: =IF(AJ69="","",$F$30) | AP69: =IF(AJ69="","",AO69*(AN69)/1000) | AQ69: =IF(AJ69="","",VLOOKUP(AK69,THEP,3,1)*AP69)
A70: =IF(A69<$E$59,1+A69,"") | B70: =IF(A70="","",$B$62) | C70: =IF(A70<=$E$59,(C69/2-$E$18)*2,"") | D70: =(IF(A70<=$E$59,SQRT(($E$18*A69*($D$57*1000-100-$E$62)/($C$62/2))^2+($E$18*A69)^2),"")) | E70: =IF(C70="","",$D$58*1000-100) | F70: =IF(C70="","",C70+2*(D70+E70)) | G70: =IF(A70="","",2) | H70: =IF(C70="","",G70*F70/1000) | J70: =IF(A70="","",VLOOKUP(B70,CT,3,0)*H70) | M70: =IF(M69<$Q$59,1+M69,"") | N70: =IF(M70="","",$B$62) | O70: =IF(M70<=$Q$59,(O69/2-$E$18)*2,"") | P70: =(IF(M70<=$Q$59,SQRT(($E$18*M69*($P$57*1000-100-$Q$62)/($O$62/2))^2+($E$18*M69)^2),"")) | Q70: =IF(O70="","",$P$58*1000-100) | R70: =IF(O70="","",O70+2*(P70+Q70)) | S70: =IF(M70="","",2) | T70: =IF(O70="","",S70*R70/1000) | V70: =IF(M70="","",VLOOKUP(N70,CT,3,0)*T70) | AJ70: =IF(AJ69<$AI$55,1+AJ69,"") | AK70: =IF(AJ70="","",$C$22) | AL70: =IF(AJ70="","",ROUND(($AO$47-1)/$AP$48*AC70+$E$20,-1)) | AM70: =IF(AJ70="","",ROUND((AC70-AL70)/SQRT(2),-1)) | AN70: =IF(AJ70="","",(AM70+AL70)*4+2*$AT$45) | AO70: =IF(AJ70="","",$F$30) | AP70: =IF(AJ70="","",AO70*(AN70)/1000) | AQ70: =IF(AJ70="","",VLOOKUP(AK70,THEP,3,1)*AP70)
A71: =IF(A70<$E$59,1+A70,"") | B71: =IF(A71="","",$B$62) | C71: =IF(A71<=$E$59,(C70/2-$E$18)*2,"") | D71: =(IF(A71<=$E$59,SQRT(($E$18*A70*($D$57*1000-100-$E$62)/($C$62/2))^2+($E$18*A70)^2),"")) | E71: =IF(C71="","",$D$58*1000-100) | F71: =IF(C71="","",C71+2*(D71+E71)) | G71: =IF(A71="","",2) | H71: =IF(C71="","",G71*F71/1000) | J71: =IF(A71="","",VLOOKUP(B71,CT,3,0)*H71) | M71: =IF(M70<$Q$59,1+M70,"") | N71: =IF(M71="","",$B$62) | O71: =IF(M71<=$Q$59,(O70/2-$E$18)*2,"") | P71: =(IF(M71<=$Q$59,SQRT(($E$18*M70*($P$57*1000-100-$Q$62)/($O$62/2))^2+($E$18*M70)^2),"")) | Q71: =IF(O71="","",$P$58*1000-100) | R71: =IF(O71="","",O71+2*(P71+Q71)) | S71: =IF(M71="","",2) | T71: =IF(O71="","",S71*R71/1000) | V71: =IF(M71="","",VLOOKUP(N71,CT,3,0)*T71) | AJ71: =IF(AJ70<$AI$55,1+AJ70,"") | AK71: =IF(AJ71="","",$C$22) | AL71: =IF(AJ71="","",ROUND(($AO$47-1)/$AP$48*AC71+$E$20,-1)) | AM71: =IF(AJ71="","",ROUND((AC71-AL71)/SQRT(2),-1)) | AN71: =IF(AJ71="","",(AM71+AL71)*4+2*$AT$45) | AO71: =IF(AJ71="","",$F$30) | AP71: =IF(AJ71="","",AO71*(AN71)/1000) | AQ71: =IF(AJ71="","",VLOOKUP(AK71,THEP,3,1)*AP71)
A72: =IF(A71<$E$59,1+A71,"") | B72: =IF(A72="","",$B$62) | C72: =IF(A72<=$E$59,(C71/2-$E$18)*2,"") | D72: =(IF(A72<=$E$59,SQRT(($E$18*A71*($D$57*1000-100-$E$62)/($C$62/2))^2+($E$18*A71)^2),"")) | E72: =IF(C72="","",$D$58*1000-100) | F72: =IF(C72="","",C72+2*(D72+E72)) | G72: =IF(A72="","",2) | H72: =IF(C72="","",G72*F72/1000) | J72: =IF(A72="","",VLOOKUP(B72,CT,3,0)*H72) | M72: =IF(M71<$Q$59,1+M71,"") | N72: =IF(M72="","",$B$62) | O72: =IF(M72<=$Q$59,(O71/2-$E$18)*2,"") | P72: =(IF(M72<=$Q$59,SQRT(($E$18*M71*($P$57*1000-100-$Q$62)/($O$62/2))^2+($E$18*M71)^2),"")) | Q72: =IF(O72="","",$P$58*1000-100) | R72: =IF(O72="","",O72+2*(P72+Q72)) | S72: =IF(M72="","",2) | T72: =IF(O72="","",S72*R72/1000) | V72: =IF(M72="","",VLOOKUP(N72,CT,3,0)*T72) | AJ72: =IF(AJ71<$AI$55,1+AJ71,"") | AK72: =IF(AJ72="","",$C$22) | AL72: =IF(AJ72="","",ROUND(($AO$47-1)/$AP$48*AC72+$E$20,-1)) | AM72: =IF(AJ72="","",ROUND((AC72-AL72)/SQRT(2),-1)) | AN72: =IF(AJ72="","",(AM72+AL72)*4+2*$AT$45) | AO72: =IF(AJ72="","",$F$30) | AP72: =IF(AJ72="","",AO72*(AN72)/1000) | AQ72: =IF(AJ72="","",VLOOKUP(AK72,THEP,3,1)*AP72)
A73: =IF(A72<$E$59,1+A72,"") | B73: =IF(A73="","",$B$62) | C73: =IF(A73<=$E$59,(C72/2-$E$18)*2,"") | D73: =(IF(A73<=$E$59,SQRT(($E$18*A72*($D$57*1000-100-$E$62)/($C$62/2))^2+($E$18*A72)^2),"")) | E73: =IF(C73="","",$D$58*1000-100) | F73: =IF(C73="","",C73+2*(D73+E73)) | G73: =IF(A73="","",2) | H73: =IF(C73="","",G73*F73/1000) | J73: =IF(A73="","",VLOOKUP(B73,CT,3,0)*H73) | M73: =IF(M72<$Q$59,1+M72,"") | N73: =IF(M73="","",$B$62) | O73: =IF(M73<=$Q$59,(O72/2-$E$18)*2,"") | P73: =(IF(M73<=$Q$59,SQRT(($E$18*M72*($P$57*1000-100-$Q$62)/($O$62/2))^2+($E$18*M72)^2),"")) | Q73: =IF(O73="","",$P$58*1000-100) | R73: =IF(O73="","",O73+2*(P73+Q73)) | S73: =IF(M73="","",2) | T73: =IF(O73="","",S73*R73/1000) | V73: =IF(M73="","",VLOOKUP(N73,CT,3,0)*T73)
A74: =IF(A73<$E$59,1+A73,"") | B74: =IF(A74="","",$B$62) | C74: =IF(A74<=$E$59,(C73/2-$E$18)*2,"") | D74: =(IF(A74<=$E$59,SQRT(($E$18*A73*($D$57*1000-100-$E$62)/($C$62/2))^2+($E$18*A73)^2),"")) | E74: =IF(C74="","",$D$58*1000-100) | F74: =IF(C74="","",C74+2*(D74+E74)) | G74: =IF(A74="","",2) | H74: =IF(C74="","",G74*F74/1000) | J74: =IF(A74="","",VLOOKUP(B74,CT,3,0)*H74) | M74: =IF(M73<$Q$59,1+M73,"") | N74: =IF(M74="","",$B$62) | O74: =IF(M74<=$Q$59,(O73/2-$E$18)*2,"") | P74: =(IF(M74<=$Q$59,SQRT(($E$18*M73*($P$57*1000-100-$Q$62)/($O$62/2))^2+($E$18*M73)^2),"")) | Q74: =IF(O74="","",$P$58*1000-100) | R74: =IF(O74="","",O74+2*(P74+Q74)) | S74: =IF(M74="","",2) | T74: =IF(O74="","",S74*R74/1000) | V74: =IF(M74="","",VLOOKUP(N74,CT,3,0)*T74)
A75: =IF(A74<$E$59,1+A74,"") | B75: =IF(A75="","",$B$62) | C75: =IF(A75<=$E$59,(C74/2-$E$18)*2,"") | D75: =(IF(A75<=$E$59,SQRT(($E$18*A74*($D$57*1000-100-$E$62)/($C$62/2))^2+($E$18*A74)^2),"")) | E75: =IF(C75="","",$D$58*1000-100) | F75: =IF(C75="","",C75+2*(D75+E75)) | G75: =IF(A75="","",2) | H75: =IF(C75="","",G75*F75/1000) | J75: =IF(A75="","",VLOOKUP(B75,CT,3,0)*H75) | M75: =IF(M74<$Q$59,1+M74,"") | N75: =IF(M75="","",$B$62) | O75: =IF(M75<=$Q$59,(O74/2-$E$18)*2,"") | P75: =(IF(M75<=$Q$59,SQRT(($E$18*M74*($P$57*1000-100-$Q$62)/($O$62/2))^2+($E$18*M74)^2),"")) | Q75: =IF(O75="","",$P$58*1000-100) | R75: =IF(O75="","",O75+2*(P75+Q75)) | S75: =IF(M75="","",2) | T75: =IF(O75="","",S75*R75/1000) | V75: =IF(M75="","",VLOOKUP(N75,CT,3,0)*T75)
A76: =IF(A75<$E$59,1+A75,"") | B76: =IF(A76="","",$B$62) | C76: =IF(A76<=$E$59,(C75/2-$E$18)*2,"") | D76: =(IF(A76<=$E$59,SQRT(($E$18*A75*($D$57*1000-100-$E$62)/($C$62/2))^2+($E$18*A75)^2),"")) | E76: =IF(C76="","",$D$58*1000-100) | F76: =IF(C76="","",C76+2*(D76+E76)) | G76: =IF(A76="","",2) | H76: =IF(C76="","",G76*F76/1000) | J76: =IF(A76="","",VLOOKUP(B76,CT,3,0)*H76) | M76: =IF(M75<$Q$59,1+M75,"") | N76: =IF(M76="","",$B$62) | O76: =IF(M76<=$Q$59,(O75/2-$E$18)*2,"") | P76: =(IF(M76<=$Q$59,SQRT(($E$18*M75*($P$57*1000-100-$Q$62)/($O$62/2))^2+($E$18*M75)^2),"")) | Q76: =IF(O76="","",$P$58*1000-100) | R76: =IF(O76="","",O76+2*(P76+Q76)) | S76: =IF(M76="","",2) | T76: =IF(O76="","",S76*R76/1000) | V76: =IF(M76="","",VLOOKUP(N76,CT,3,0)*T76)
A77: =IF(A76<$E$59,1+A76,"") | B77: =IF(A77="","",$B$62) | C77: =IF(A77<=$E$59,(C76/2-$E$18)*2,"") | D77: =(IF(A77<=$E$59,SQRT(($E$18*A76*($D$57*1000-100-$E$62)/($C$62/2))^2+($E$18*A76)^2),"")) | E77: =IF(C77="","",$D$58*1000-100) | F77: =IF(C77="","",C77+2*(D77+E77)) | G77: =IF(A77="","",2) | H77: =IF(C77="","",G77*F77/1000) | J77: =IF(A77="","",VLOOKUP(B77,CT,3,0)*H77) | M77: =IF(M76<$Q$59,1+M76,"") | N77: =IF(M77="","",$B$62) | O77: =IF(M77<=$Q$59,(O76/2-$E$18)*2,"") | P77: =(IF(M77<=$Q$59,SQRT(($E$18*M76*($P$57*1000-100-$Q$62)/($O$62/2))^2+($E$18*M76)^2),"")) | Q77: =IF(O77="","",$P$58*1000-100) | R77: =IF(O77="","",O77+2*(P77+Q77)) | S77: =IF(M77="","",2) | T77: =IF(O77="","",S77*R77/1000) | V77: =IF(M77="","",VLOOKUP(N77,CT,3,0)*T77)
A78: =IF(A77<$E$59,1+A77,"") | B78: =IF(A78="","",$B$62) | C78: =IF(A78<=$E$59,(C77/2-$E$18)*2,"") | D78: =(IF(A78<=$E$59,SQRT(($E$18*A77*($D$57*1000-100-$E$62)/($C$62/2))^2+($E$18*A77)^2),"")) | E78: =IF(C78="","",$D$58*1000-100) | F78: =IF(C78="","",C78+2*(D78+E78)) | G78: =IF(A78="","",4) | H78: =IF(C78="","",G78*F78/1000) | J78: =IF(A78="","",VLOOKUP(B78,CT,3,0)*H78) | M78: =IF(M77<$Q$59,1+M77,"") | N78: =IF(M78="","",$B$62) | O78: =IF(M78<=$Q$59,(O77/2-$E$18)*2,"") | P78: =(IF(M78<=$Q$59,SQRT(($E$18*M77*($P$57*1000-100-$Q$62)/($O$62/2))^2+($E$18*M77)^2),"")) | Q78: =IF(O78="","",$P$58*1000-100) | R78: =IF(O78="","",O78+2*(P78+Q78)) | S78: =IF(M78="","",2) | T78: =IF(O78="","",S78*R78/1000) | V78: =IF(M78="","",VLOOKUP(N78,CT,3,0)*T78)
A79: =IF(A78<$E$59,1+A78,"") | B79: =IF(A79="","",$B$62) | D79: =(IF(A79<=$E$59,SQRT(($E$18*A78*($D$57*1000-100-$E$62)/($C$62/2))^2+($E$18*A78)^2),"")) | E79: =IF(C79="","",$D$58*1000-100) | F79: =IF(C79="","",C79+2*(D79+E79)) | G79: =IF(A79="","",4) | H79: =IF(C79="","",G79*F79/1000) | J79: =IF(A79="","",VLOOKUP(B79,CT,3,0)*H79) | M79: =IF(M78<$Q$59,1+M78,"") | N79: =IF(M79="","",$B$62) | O79: =IF(M79<=$Q$59,(O78/2-$E$18)*2,"") | P79: =(IF(M79<=$Q$59,SQRT(($E$18*M78*($P$57*1000-100-$Q$62)/($O$62/2))^2+($E$18*M78)^2),"")) | Q79: =IF(O79="","",$P$58*1000-100) | R79: =IF(O79="","",O79+2*(P79+Q79)) | S79: =IF(M79="","",2) | T79: =IF(O79="","",S79*R79/1000) | V79: =IF(M79="","",VLOOKUP(N79,CT,3,0)*T79)
A80: =IF(A79<$E$59,1+A79,"") | B80: =IF(A80="","",$B$62) | D80: =(IF(A80<=$E$59,SQRT(($E$18*A79*($D$57*1000-100-$E$62)/($C$62/2))^2+($E$18*A79)^2),"")) | E80: =IF(C80="","",$D$58*1000-100) | F80: =IF(C80="","",C80+2*(D80+E80)) | G80: =IF(A80="","",4) | H80: =IF(C80="","",G80*F80/1000) | J80: =IF(A80="","",VLOOKUP(B80,CT,3,0)*H80) | M80: =IF(M79<$Q$59,1+M79,"") | N80: =IF(M80="","",$B$62) | O80: =IF(M80<=$Q$59,(O79/2-$E$18)*2,"") | P80: =(IF(M80<=$Q$59,SQRT(($E$18*M79*($P$57*1000-100-$Q$62)/($O$62/2))^2+($E$18*M79)^2),"")) | Q80: =IF(O80="","",$P$58*1000-100) | R80: =IF(O80="","",O80+2*(P80+Q80)) | S80: =IF(M80="","",2) | T80: =IF(O80="","",S80*R80/1000) | V80: =IF(M80="","",VLOOKUP(N80,CT,3,0)*T80)
A81: =IF(A80<$E$59,1+A80,"") | B81: =IF(A81="","",$B$62) | D81: =(IF(A81<=$E$59,SQRT(($E$18*A80*($D$57*1000-100-$E$62)/($C$62/2))^2+($E$18*A80)^2),"")) | E81: =IF(C81="","",$D$58*1000-100) | F81: =IF(C81="","",C81+2*(D81+E81)) | G81: =IF(A81="","",4) | H81: =IF(C81="","",G81*F81/1000) | J81: =IF(A81="","",VLOOKUP(B81,CT,3,0)*H81) | M81: =IF(M80<$Q$59,1+M80,"") | N81: =IF(M81="","",$B$62) | O81: =IF(M81<=$Q$59,(O80/2-$E$18)*2,"") | P81: =(IF(M81<=$Q$59,SQRT(($E$18*M80*($P$57*1000-100-$Q$62)/($O$62/2))^2+($E$18*M80)^2),"")) | Q81: =IF(O81="","",$P$58*1000-100) | R81: =IF(O81="","",O81+2*(P81+Q81)) | S81: =IF(M81="","",2) | T81: =IF(O81="","",S81*R81/1000) | V81: =IF(M81="","",VLOOKUP(N81,CT,3,0)*T81)
A82: 21 | B82: =IF(A82="","",$B$62) -> 12 | C82: =B60*1000 -> 3400 | D82: =ROUND(SQRT((($C$62-$B$60*1000)/2)^2+(D57*1000-100-E62)^2),-1) -> 590 | E82: =IF(C82="","",$D$58*1000-100) -> 100 | F82: =IF(C82="","",C82+2*(D82+E82)) -> 4780 | G82: =E60 -> 17 | H82: =IF(C82="","",G82*F82/1000) -> 81.26 | J82: =IF(A82="","",VLOOKUP(B82,CT,3,0)*H82) -> 72.15888 | K82: Y1 | M82: 21 | N82: =IF(M82="","",$B$62) -> 12 | O82: =N60*1000 -> 3400 | P82: =ROUND(SQRT((($O$62-$N$60*1000)/2)^2+(P57*1000-100-Q62)^2),-1) -> 870 | Q82: =IF(O82="","",$D$58*1000-100) -> 100 | R82: =IF(O82="","",O82+2*(P82+Q82)) -> 5340 | S82: =Q60 -> 17 | T82: =IF(O82="","",S82*R82/1000) -> 90.78 | V82: =IF(M82="","",VLOOKUP(N82,CT,3,0)*T82) -> 80.61264 | W82: Y2
B83: =IF(A83="","",$B$62) | N83: =IF(M83="","",$B$62)
A84: Tổng | C84: =SUM(C62:D83)/1000 -> 16.892366 | G84: =SUM(G62:G83) -> 23 | H84: =SUM(H62:I83) -> 109.46946 | J84: =SUM(J62:J83) -> 97.208883 | M84: Tổng | O84: =SUM(O62:P83)/1000 -> 27.776142 | S84: =SUM(S62:S83) -> 27 | T84: =SUM(T62:U83) -> 143.80457 | V84: =SUM(V62:V83) -> 127.69846
A85: Trung bình | C85: =ROUND((AVERAGE(C62:C81)*SUM($G$62:$G$81)+C82*$G$82)/$G$84,-1) -> 3580 | D85: =ROUND((AVERAGE(D62:D81)*SUM($G$62:$G$81)+D82*$G$82)/$G$84,-1) -> 490 | E85: =ROUND((AVERAGE(E62:E81)*SUM($G$62:$G$81)+E82*$G$82)/$G$84,-1) -> 100 | F85: =ROUND(IF(C85="","",C85+2*(D85+E85)),-1) -> 4760 | H85: =F85*G84/1000 -> 109.48 | J85: =(VLOOKUP(B62,CT,3,0)*H85) -> 97.21824 | K85: ok | M85: Trung bình | O85: =ROUND((AVERAGE(O62:O81)*SUM($S$62:$S$81)+O82*$S$82)/$S$84,-1) -> 3730 | P85: =ROUND((AVERAGE(P62:P81)*SUM($S$62:$S$81)+P82*$S$82)/$S$84,-1) -> 700 | Q85: =ROUND((AVERAGE(Q62:Q81)*SUM($S$62:$S$81)+Q82*$S$82)/$S$84,-1) -> 100 | R85: =ROUND(IF(O85="","",O85+2*(P85+Q85)),-1) -> 5330 | T85: =R85*S84/1000 -> 143.91 | V85: =(VLOOKUP(N62,CT,3,0)*T85) -> 127.79208 | W85: ok

Sheet Bảng tra
A1: Bê tông | H1: Cốt thép
A2: STT | B2: Mác | C2: Tên | D2: Rb(Mpa) | E2: Rbt(Mpa) | F2: E(Mpa) | H2: STT | I2: Tên | J2: Rs (Mpa) | K2: Rsc (Mpa) | L2: Rsw (Mpa) | M2: E (Mpa)
A3: 1 | B3: M200 | C3: B15 | D3: 8.5 | E3: 0.75 | F3: 24000 | H3: 1 | I3: CB240-T | J3: 210 | K3: 210 | L3: 170 | M3: 200000
A4: 2 | B4: M250 | C4: B20 | D4: 11.5 | E4: 0.9 | F4: 27500 | H4: 2 | I4: CB300-V | J4: 260 | K4: 260 | L4: 210 | M4: 200000
A5: 3 | B5: M300 | C5: B22.5 | D5: 13 | E5: 1 | F5: 28750 | H5: 3 | I5: CB400-V | J5: 350 | K5: 350 | L5: 280 | M5: 200000
A6: 4 | B6: M350 | C6: B25 | D6: 14.5 | E6: 1.05 | F6: 30000 | H6: 4 | I6: CB500-V | J6: 435 | K6: 400 | L6: 300 | M6: 200000
A7: 5 | B7: M400 | C7: B30 | D7: 17 | E7: 1.15 | F7: 32500
A8: 6 | B8: M450 | C8: B35 | D8: 19.5 | E8: 1.3 | F8: 34500
A9: 7 | B9: M500 | C9: B40 | D9: 22 | E9: 1.4 | F9: 36000
A10: 8 | B10: M600 | C10: B45 | D10: 25 | E10: 1.5 | F10: 37000 | H10: M250 | I10: =VLOOKUP(H10,B3:C13,2,0) -> B20
A11: 9 | B11: M700 | C11: B50 | D11: 27.5 | E11: 1.6 | F11: 38000
A12: 10 | B12: M700 | C12: B55 | D12: 30 | E12: 1.7 | F12: 39000
A13: 11 | B13: M800 | C13: B60 | D13: 33 | E13: 1.8 | F13: 39500
B14: Chú ý: 1MPa = 100T/m2
A17: f (mm) | B17: dtích (cm2) | C17: TL/m (kg)
A18: 6 | B18: 0.283 | C18: 0.222
A19: 8 | B19: 0.503 | C19: 0.395
A20: 10 | B20: 0.785 | C20: 0.717
A21: 12 | B21: 1.13 | C21: 0.888
A22: 14 | B22: 1.54 | C22: 1.21
A23: 16 | B23: 2.01 | C23: 1.58
A24: 18 | B24: 2.55 | C24: 2
A25: 20 | B25: 3.14 | C25: 2.47
A26: 22 | B26: 3.8 | C26: 2.98
A27: 25 | B27: 4.91 | C27: 3.85
A28: 28 | B28: 6.16 | C28: 4.83
A29: 30 | B29: 7.069 | C29: 5.549
... A33: 40 | B33: 12.57 | C33: 9.86
